fishery,vessel_id,bycatch_spp,avg_target,se_target,avg_bycatch,se_bycatch
demersal_longlines,LLA_11559ew,albatrosses,373.1674797,33.90609466,1.146341463,0.554948529
demersal_longlines,LLA_11559ew,petrels,373.1674797,33.90609466,2.268292683,0.632125981
demersal_longlines,LLA_11559ew,shearwaters,373.1674797,33.90609466,5.227642276,2.481406614
demersal_longlines,LLA_11da7,albatrosses,48.70588235,6.332797999,0,0
demersal_longlines,LLA_11da7,petrels,48.70588235,6.332797999,0,0
demersal_longlines,LLA_11da7,shearwaters,48.70588235,6.332797999,3.676470588,1.731907024
demersal_longlines,LLA_1604d9a,albatrosses,122.3076923,12.32783208,5.576923077,5.265905745
demersal_longlines,LLA_1604d9a,petrels,122.3076923,12.32783208,2.423076923,2.344337254
demersal_longlines,LLA_1604d9a,shearwaters,122.3076923,12.32783208,1.115384615,1.115384615
demersal_longlines,LLA_1693uuq,albatrosses,37.33333333,12.38497583,0,0
demersal_longlines,LLA_1693uuq,petrels,37.33333333,12.38497583,0,0
demersal_longlines,LLA_1693uuq,shearwaters,37.33333333,12.38497583,0,0
demersal_longlines,LLA_1803kmb,albatrosses,162.75,21.55933497,0,0
demersal_longlines,LLA_1803kmb,petrels,162.75,21.55933497,0,0
demersal_longlines,LLA_1803kmb,shearwaters,162.75,21.55933497,0,0
demersal_longlines,LLA_1818fo1,albatrosses,81.99230769,13.67332262,0,0
demersal_longlines,LLA_1818fo1,petrels,81.99230769,13.67332262,0,0
demersal_longlines,LLA_1818fo1,shearwaters,81.99230769,13.67332262,0,0
demersal_longlines,LLA_192ps9,albatrosses,268.0289809,12.0680554,6.167728238,1.032274388
demersal_longlines,LLA_192ps9,petrels,268.0289809,12.0680554,3.566878981,0.821646771
demersal_longlines,LLA_192ps9,shearwaters,268.0289809,12.0680554,0.350318471,0.2242795
demersal_longlines,LLA_2178sk,albatrosses,82.90384615,16.8110307,0,0
demersal_longlines,LLA_2178sk,petrels,82.90384615,16.8110307,0,0
demersal_longlines,LLA_2178sk,shearwaters,82.90384615,16.8110307,0,0
demersal_longlines,LLA_247yo,albatrosses,139.8888889,30.54354562,0,0
demersal_longlines,LLA_247yo,petrels,139.8888889,30.54354562,0,0
demersal_longlines,LLA_247yo,shearwaters,139.8888889,30.54354562,0,0
demersal_longlines,LLA_2669zh,albatrosses,246.9692308,27.21249804,7.384615385,3.563595242
demersal_longlines,LLA_2669zh,petrels,246.9692308,27.21249804,0,0
demersal_longlines,LLA_2669zh,shearwaters,246.9692308,27.21249804,13.61538462,8.211575992
demersal_longlines,LLA_319z6d,albatrosses,163.5009231,16.65180199,2.469230769,1.014574088
demersal_longlines,LLA_319z6d,petrels,163.5009231,16.65180199,1.015384615,0.438186839
demersal_longlines,LLA_319z6d,shearwaters,163.5009231,16.65180199,0.276923077,0.140284822
demersal_longlines,LLA_34fjt,albatrosses,302.6,100.6677018,0.142857143,0.142857143
demersal_longlines,LLA_34fjt,petrels,302.6,100.6677018,0,0
demersal_longlines,LLA_34fjt,shearwaters,302.6,100.6677018,0,0
demersal_longlines,LLA_4743ik,albatrosses,437.3964242,13.34317555,7.114014252,1.409529046
demersal_longlines,LLA_4743ik,petrels,437.3964242,13.34317555,3.282660333,0.57548349
demersal_longlines,LLA_4743ik,shearwaters,437.3964242,13.34317555,3.502375297,1.047562825
demersal_longlines,LLA_537r20,albatrosses,411.2388501,24.26162991,11.08866995,2.269315494
demersal_longlines,LLA_537r20,petrels,411.2388501,24.26162991,5.384236453,1.393927347
demersal_longlines,LLA_537r20,shearwaters,411.2388501,24.26162991,2.660098522,0.874446987
demersal_longlines,LLA_570mzb,albatrosses,173.125,54.75511636,1.25,1.25
demersal_longlines,LLA_570mzb,petrels,173.125,54.75511636,0,0
demersal_longlines,LLA_570mzb,shearwaters,173.125,54.75511636,0,0
demersal_longlines,LLA_594ey5,albatrosses,269.8690476,49.10334234,4.714285714,2.08676091
demersal_longlines,LLA_594ey5,petrels,269.8690476,49.10334234,0.452380952,0.226579835
demersal_longlines,LLA_594ey5,shearwaters,269.8690476,49.10334234,0.619047619,0.548413805
demersal_longlines,LLA_660teb,albatrosses,167,17.21433511,0,0
demersal_longlines,LLA_660teb,petrels,167,17.21433511,0,0
demersal_longlines,LLA_660teb,shearwaters,167,17.21433511,0,0
otter_bottom_trawl,OTB_11516u,albatrosses,1356.136364,263.5952909,0.022727273,0.022727273
otter_bottom_trawl,OTB_11516u,petrels,1356.136364,263.5952909,0.068181818,0.038438431
otter_bottom_trawl,OTB_11516u,pinnipeds,1356.136364,263.5952909,0.068181818,0.038438431
otter_bottom_trawl,OTB_11516u,shearwaters,1356.136364,263.5952909,0,0
otter_bottom_trawl,OTB_1174qi,albatrosses,435.7301587,33.62524414,1.26984127,1.26984127
otter_bottom_trawl,OTB_1174qi,petrels,435.7301587,33.62524414,0,0
otter_bottom_trawl,OTB_1174qi,pinnipeds,435.7301587,33.62524414,0,0
otter_bottom_trawl,OTB_1174qi,shearwaters,435.7301587,33.62524414,0,0
otter_bottom_trawl,OTB_137352,albatrosses,357.5166667,32.0072334,0,0
otter_bottom_trawl,OTB_137352,petrels,357.5166667,32.0072334,0,0
otter_bottom_trawl,OTB_137352,pinnipeds,357.5166667,32.0072334,0,0
otter_bottom_trawl,OTB_137352,shearwaters,357.5166667,32.0072334,0,0
otter_bottom_trawl,OTB_1437ja,albatrosses,1085.560976,288.4422926,7.414634146,4.558291241
otter_bottom_trawl,OTB_1437ja,petrels,1085.560976,288.4422926,1.975609756,1.405775459
otter_bottom_trawl,OTB_1437ja,pinnipeds,1085.560976,288.4422926,0,0
otter_bottom_trawl,OTB_1437ja,shearwaters,1085.560976,288.4422926,0.87804878,0.602024149
otter_bottom_trawl,OTB_149zo2,albatrosses,1181.980861,176.6432936,6.468899522,2.195423687
otter_bottom_trawl,OTB_149zo2,petrels,1181.980861,176.6432936,0.066985646,0.049160743
otter_bottom_trawl,OTB_149zo2,pinnipeds,1181.980861,176.6432936,0.157894737,0.056299328
otter_bottom_trawl,OTB_149zo2,shearwaters,1181.980861,176.6432936,0.248803828,0.172199595
otter_bottom_trawl,OTB_1533o7d,albatrosses,403.125,89.37949539,0,0
otter_bottom_trawl,OTB_1533o7d,petrels,403.125,89.37949539,1,1
otter_bottom_trawl,OTB_1533o7d,pinnipeds,403.125,89.37949539,0,0
otter_bottom_trawl,OTB_1533o7d,shearwaters,403.125,89.37949539,1.25,0.773443137
otter_bottom_trawl,OTB_1556czw,albatrosses,4300.9,2819.865243,42.9,24.45333424
otter_bottom_trawl,OTB_1556czw,petrels,4300.9,2819.865243,0,0
otter_bottom_trawl,OTB_1556czw,pinnipeds,4300.9,2819.865243,4.2,2.803965446
otter_bottom_trawl,OTB_1556czw,shearwaters,4300.9,2819.865243,0,0
otter_bottom_trawl,OTB_15809vc,albatrosses,1986,NA,40,NA
otter_bottom_trawl,OTB_15809vc,petrels,1986,NA,0,NA
otter_bottom_trawl,OTB_15809vc,pinnipeds,1986,NA,0,NA
otter_bottom_trawl,OTB_15809vc,shearwaters,1986,NA,0,NA
otter_bottom_trawl,OTB_1657kkf,albatrosses,552.3058824,27.203243,0.8,0.689034965
otter_bottom_trawl,OTB_1657kkf,petrels,552.3058824,27.203243,0.725490196,0.416592415
otter_bottom_trawl,OTB_1657kkf,pinnipeds,552.3058824,27.203243,0,0
otter_bottom_trawl,OTB_1657kkf,shearwaters,552.3058824,27.203243,0,0
otter_bottom_trawl,OTB_16906kk,albatrosses,579.3333333,212.5461967,0,0
otter_bottom_trawl,OTB_16906kk,petrels,579.3333333,212.5461967,0,0
otter_bottom_trawl,OTB_16906kk,pinnipeds,579.3333333,212.5461967,0.055555556,0.055555556
otter_bottom_trawl,OTB_16906kk,shearwaters,579.3333333,212.5461967,0.222222222,0.222222222
otter_bottom_trawl,OTB_171a2n,albatrosses,364.2222222,81.26735332,0,0
otter_bottom_trawl,OTB_171a2n,petrels,364.2222222,81.26735332,0,0
otter_bottom_trawl,OTB_171a2n,pinnipeds,364.2222222,81.26735332,0,0
otter_bottom_trawl,OTB_171a2n,shearwaters,364.2222222,81.26735332,0,0
otter_bottom_trawl,OTB_172vf1,albatrosses,1386,755.317111,6,4.137517084
otter_bottom_trawl,OTB_172vf1,petrels,1386,755.317111,3.333333333,2.466280536
otter_bottom_trawl,OTB_172vf1,pinnipeds,1386,755.317111,0,0
otter_bottom_trawl,OTB_172vf1,shearwaters,1386,755.317111,0,0
otter_bottom_trawl,OTB_176uu,albatrosses,35.33333333,3.48010217,0,0
otter_bottom_trawl,OTB_176uu,petrels,35.33333333,3.48010217,0,0
otter_bottom_trawl,OTB_176uu,pinnipeds,35.33333333,3.48010217,0,0
otter_bottom_trawl,OTB_176uu,shearwaters,35.33333333,3.48010217,0,0
otter_bottom_trawl,OTB_1853yuw,albatrosses,859.8192771,121.0536508,5.837349398,2.387173713
otter_bottom_trawl,OTB_1853yuw,petrels,859.8192771,121.0536508,0,0
otter_bottom_trawl,OTB_1853yuw,pinnipeds,859.8192771,121.0536508,0.451807229,0.17710446
otter_bottom_trawl,OTB_1853yuw,shearwaters,859.8192771,121.0536508,0.373493976,0.268923684
otter_bottom_trawl,OTB_189gtx,albatrosses,1602.5,843.4391403,0,0
otter_bottom_trawl,OTB_189gtx,petrels,1602.5,843.4391403,0,0
otter_bottom_trawl,OTB_189gtx,pinnipeds,1602.5,843.4391403,0,0
otter_bottom_trawl,OTB_189gtx,shearwaters,1602.5,843.4391403,0,0
otter_bottom_trawl,OTB_203bam,albatrosses,2187.857143,988.2235024,15.21428571,15.21428571
otter_bottom_trawl,OTB_203bam,petrels,2187.857143,988.2235024,1.428571429,1.428571429
otter_bottom_trawl,OTB_203bam,pinnipeds,2187.857143,988.2235024,0,0
otter_bottom_trawl,OTB_203bam,shearwaters,2187.857143,988.2235024,3.571428571,3.571428571
otter_bottom_trawl,OTB_210k48,albatrosses,729.2701613,40.14190513,0.824596774,0.315025975
otter_bottom_trawl,OTB_210k48,petrels,729.2701613,40.14190513,0.010080645,0.006037516
otter_bottom_trawl,OTB_210k48,pinnipeds,729.2701613,40.14190513,0,0
otter_bottom_trawl,OTB_210k48,shearwaters,729.2701613,40.14190513,0.548387097,0.342986084
otter_bottom_trawl,OTB_222xjo,albatrosses,403.90625,59.66335936,0,0
otter_bottom_trawl,OTB_222xjo,petrels,403.90625,59.66335936,0,0
otter_bottom_trawl,OTB_222xjo,pinnipeds,403.90625,59.66335936,0,0
otter_bottom_trawl,OTB_222xjo,shearwaters,403.90625,59.66335936,14.0625,12.27096112
otter_bottom_trawl,OTB_229oba,albatrosses,784.7368421,196.8055389,0,0
otter_bottom_trawl,OTB_229oba,petrels,784.7368421,196.8055389,0,0
otter_bottom_trawl,OTB_229oba,pinnipeds,784.7368421,196.8055389,0,0
otter_bottom_trawl,OTB_229oba,shearwaters,784.7368421,196.8055389,0,0
otter_bottom_trawl,OTB_22ouy,albatrosses,332.8684211,46.08840492,0,0
otter_bottom_trawl,OTB_22ouy,petrels,332.8684211,46.08840492,0,0
otter_bottom_trawl,OTB_22ouy,pinnipeds,332.8684211,46.08840492,0.131578947,0.05557219
otter_bottom_trawl,OTB_22ouy,shearwaters,332.8684211,46.08840492,0,0
otter_bottom_trawl,OTB_233ciq,albatrosses,1148.761905,387.7637468,0.619047619,0.439025927
otter_bottom_trawl,OTB_233ciq,petrels,1148.761905,387.7637468,0,0
otter_bottom_trawl,OTB_233ciq,pinnipeds,1148.761905,387.7637468,0,0
otter_bottom_trawl,OTB_233ciq,shearwaters,1148.761905,387.7637468,7.380952381,7.132913714
otter_bottom_trawl,OTB_2524h9,albatrosses,278.8,25.22058872,0,0
otter_bottom_trawl,OTB_2524h9,petrels,278.8,25.22058872,0,0
otter_bottom_trawl,OTB_2524h9,pinnipeds,278.8,25.22058872,0.066666667,0.066666667
otter_bottom_trawl,OTB_2524h9,shearwaters,278.8,25.22058872,0,0
otter_bottom_trawl,OTB_2542ua,albatrosses,2542.730769,1178.463826,8.230769231,5.986987863
otter_bottom_trawl,OTB_2542ua,petrels,2542.730769,1178.463826,0.153846154,0.153846154
otter_bottom_trawl,OTB_2542ua,pinnipeds,2542.730769,1178.463826,0.346153846,0.241420843
otter_bottom_trawl,OTB_2542ua,shearwaters,2542.730769,1178.463826,0,0
otter_bottom_trawl,OTB_255txv,albatrosses,849.8770492,105.8202645,11.74863388,4.131507358
otter_bottom_trawl,OTB_255txv,petrels,849.8770492,105.8202645,0.259562842,0.130134399
otter_bottom_trawl,OTB_255txv,pinnipeds,849.8770492,105.8202645,0.508196721,0.153446212
otter_bottom_trawl,OTB_255txv,shearwaters,849.8770492,105.8202645,0.382513661,0.279692281
otter_bottom_trawl,OTB_261p32,albatrosses,468.92,48.04590893,1.33,0.92094855
otter_bottom_trawl,OTB_261p32,petrels,468.92,48.04590893,0,0
otter_bottom_trawl,OTB_261p32,pinnipeds,468.92,48.04590893,0.14,0.084484841
otter_bottom_trawl,OTB_261p32,shearwaters,468.92,48.04590893,0,0
otter_bottom_trawl,OTB_315pj7,albatrosses,273.4,25.69629343,0,0
otter_bottom_trawl,OTB_315pj7,petrels,273.4,25.69629343,0,0
otter_bottom_trawl,OTB_315pj7,pinnipeds,273.4,25.69629343,0,0
otter_bottom_trawl,OTB_315pj7,shearwaters,273.4,25.69629343,0,0
otter_bottom_trawl,OTB_341onq,albatrosses,4086.627451,1277.862154,77.43137255,29.44848949
otter_bottom_trawl,OTB_341onq,petrels,4086.627451,1277.862154,18.50980392,8.454833751
otter_bottom_trawl,OTB_341onq,pinnipeds,4086.627451,1277.862154,0.823529412,0.389777093
otter_bottom_trawl,OTB_341onq,shearwaters,4086.627451,1277.862154,0.725490196,0.44376149
otter_bottom_trawl,OTB_344r65,albatrosses,669.39,67.10710103,0.01,0.01
otter_bottom_trawl,OTB_344r65,petrels,669.39,67.10710103,0,0
otter_bottom_trawl,OTB_344r65,pinnipeds,669.39,67.10710103,0,0
otter_bottom_trawl,OTB_344r65,shearwaters,669.39,67.10710103,0,0
otter_bottom_trawl,OTB_397e1n,albatrosses,1521.230769,476.7058093,12.57692308,7.358547741
otter_bottom_trawl,OTB_397e1n,petrels,1521.230769,476.7058093,0,0
otter_bottom_trawl,OTB_397e1n,pinnipeds,1521.230769,476.7058093,0.923076923,0.586837881
otter_bottom_trawl,OTB_397e1n,shearwaters,1521.230769,476.7058093,0,0
otter_bottom_trawl,OTB_4076sz,albatrosses,1119.863014,127.6759959,10.60273973,4.536581386
otter_bottom_trawl,OTB_4076sz,petrels,1119.863014,127.6759959,0.246575342,0.157003938
otter_bottom_trawl,OTB_4076sz,pinnipeds,1119.863014,127.6759959,0.02739726,0.019237785
otter_bottom_trawl,OTB_4076sz,shearwaters,1119.863014,127.6759959,2.739726027,1.124994063
otter_bottom_trawl,OTB_42828j,albatrosses,814.3170732,70.22115209,2.37804878,1.242943375
otter_bottom_trawl,OTB_42828j,petrels,814.3170732,70.22115209,0.012195122,0.012195122
otter_bottom_trawl,OTB_42828j,pinnipeds,814.3170732,70.22115209,0,0
otter_bottom_trawl,OTB_42828j,shearwaters,814.3170732,70.22115209,6.402439024,2.842437668
otter_bottom_trawl,OTB_430f6w,albatrosses,1514.19337,103.4622531,5.138121547,2.146574548
otter_bottom_trawl,OTB_430f6w,petrels,1514.19337,103.4622531,0,0
otter_bottom_trawl,OTB_430f6w,pinnipeds,1514.19337,103.4622531,0,0
otter_bottom_trawl,OTB_430f6w,shearwaters,1514.19337,103.4622531,8.17679558,2.742803198
otter_bottom_trawl,OTB_44068k,albatrosses,1090.793103,100.1985771,0,0
otter_bottom_trawl,OTB_44068k,petrels,1090.793103,100.1985771,0,0
otter_bottom_trawl,OTB_44068k,pinnipeds,1090.793103,100.1985771,0,0
otter_bottom_trawl,OTB_44068k,shearwaters,1090.793103,100.1985771,0,0
otter_bottom_trawl,OTB_4547dy,albatrosses,1076.921053,213.630246,0.039473684,0.02248422
otter_bottom_trawl,OTB_4547dy,petrels,1076.921053,213.630246,0,0
otter_bottom_trawl,OTB_4547dy,pinnipeds,1076.921053,213.630246,0.236842105,0.061753389
otter_bottom_trawl,OTB_4547dy,shearwaters,1076.921053,213.630246,0,0
otter_bottom_trawl,OTB_491v5c,albatrosses,6652.652174,1728.180227,0,0
otter_bottom_trawl,OTB_491v5c,petrels,6652.652174,1728.180227,0,0
otter_bottom_trawl,OTB_491v5c,pinnipeds,6652.652174,1728.180227,0,0
otter_bottom_trawl,OTB_491v5c,shearwaters,6652.652174,1728.180227,0,0
otter_bottom_trawl,OTB_506s6d,albatrosses,482.4195122,31.07810617,0.317073171,0.201167696
otter_bottom_trawl,OTB_506s6d,petrels,482.4195122,31.07810617,3.790243902,2.447849076
otter_bottom_trawl,OTB_506s6d,pinnipeds,482.4195122,31.07810617,0.03902439,0.018091513
otter_bottom_trawl,OTB_506s6d,shearwaters,482.4195122,31.07810617,0,0
otter_bottom_trawl,OTB_513mae,albatrosses,689.3876652,68.31850146,6.49339207,1.969360744
otter_bottom_trawl,OTB_513mae,petrels,689.3876652,68.31850146,0.004405286,0.004405286
otter_bottom_trawl,OTB_513mae,pinnipeds,689.3876652,68.31850146,0.286343612,0.110144633
otter_bottom_trawl,OTB_513mae,shearwaters,689.3876652,68.31850146,0.392070485,0.166376963
otter_bottom_trawl,OTB_52789i,albatrosses,1024.597938,140.3152116,0.824742268,0.584744913
otter_bottom_trawl,OTB_52789i,petrels,1024.597938,140.3152116,0.041237113,0.041237113
otter_bottom_trawl,OTB_52789i,pinnipeds,1024.597938,140.3152116,0.030927835,0.022955995
otter_bottom_trawl,OTB_52789i,shearwaters,1024.597938,140.3152116,0,0
otter_bottom_trawl,OTB_531vvs,albatrosses,519.5786517,27.06883,0,0
otter_bottom_trawl,OTB_531vvs,petrels,519.5786517,27.06883,0,0
otter_bottom_trawl,OTB_531vvs,pinnipeds,519.5786517,27.06883,0.016853933,0.009675491
otter_bottom_trawl,OTB_531vvs,shearwaters,519.5786517,27.06883,0,0
otter_bottom_trawl,OTB_538954,albatrosses,1209.090164,107.4931704,1.922131148,1.021025676
otter_bottom_trawl,OTB_538954,petrels,1209.090164,107.4931704,0.176229508,0.126541106
otter_bottom_trawl,OTB_538954,pinnipeds,1209.090164,107.4931704,0.131147541,0.029558376
otter_bottom_trawl,OTB_538954,shearwaters,1209.090164,107.4931704,0.086065574,0.068620507
otter_bottom_trawl,OTB_540qyi,albatrosses,3855.6,1216.551266,0,0
otter_bottom_trawl,OTB_540qyi,petrels,3855.6,1216.551266,0,0
otter_bottom_trawl,OTB_540qyi,pinnipeds,3855.6,1216.551266,0.2,0.133333333
otter_bottom_trawl,OTB_540qyi,shearwaters,3855.6,1216.551266,0,0
otter_bottom_trawl,OTB_54fyf,albatrosses,956.0105263,150.0549429,12.06315789,4.470077461
otter_bottom_trawl,OTB_54fyf,petrels,956.0105263,150.0549429,0.336842105,0.243900061
otter_bottom_trawl,OTB_54fyf,pinnipeds,956.0105263,150.0549429,0.536842105,0.242149078
otter_bottom_trawl,OTB_54fyf,shearwaters,956.0105263,150.0549429,0.368421053,0.231868901
otter_bottom_trawl,OTB_563xng,albatrosses,299.3703704,41.37570712,0,0
otter_bottom_trawl,OTB_563xng,petrels,299.3703704,41.37570712,0,0
otter_bottom_trawl,OTB_563xng,pinnipeds,299.3703704,41.37570712,0,0
otter_bottom_trawl,OTB_563xng,shearwaters,299.3703704,41.37570712,0,0
otter_bottom_trawl,OTB_5650z3,albatrosses,323.6065574,33.64909956,0,0
otter_bottom_trawl,OTB_5650z3,petrels,323.6065574,33.64909956,0,0
otter_bottom_trawl,OTB_5650z3,pinnipeds,323.6065574,33.64909956,0,0
otter_bottom_trawl,OTB_5650z3,shearwaters,323.6065574,33.64909956,0,0
otter_bottom_trawl,OTB_569uaq,albatrosses,1019.311111,467.9613338,21.68888889,12.16701213
otter_bottom_trawl,OTB_569uaq,petrels,1019.311111,467.9613338,1.133333333,0.792388029
otter_bottom_trawl,OTB_569uaq,pinnipeds,1019.311111,467.9613338,0.755555556,0.437111219
otter_bottom_trawl,OTB_569uaq,shearwaters,1019.311111,467.9613338,0,0
otter_bottom_trawl,OTB_571hy4,albatrosses,682.7082067,60.6076073,0.626139818,0.43354221
otter_bottom_trawl,OTB_571hy4,petrels,682.7082067,60.6076073,0,0
otter_bottom_trawl,OTB_571hy4,pinnipeds,682.7082067,60.6076073,0.072948328,0.034474068
otter_bottom_trawl,OTB_571hy4,shearwaters,682.7082067,60.6076073,0.300911854,0.182932759
otter_bottom_trawl,OTB_573tte,albatrosses,1281.640449,290.8436643,16.98876404,5.625063713
otter_bottom_trawl,OTB_573tte,petrels,1281.640449,290.8436643,2.651685393,1.077926584
otter_bottom_trawl,OTB_573tte,pinnipeds,1281.640449,290.8436643,0.93258427,0.308542718
otter_bottom_trawl,OTB_573tte,shearwaters,1281.640449,290.8436643,4.651685393,3.620503309
otter_bottom_trawl,OTB_587jto,albatrosses,1400.142857,155.9463779,0,0
otter_bottom_trawl,OTB_587jto,petrels,1400.142857,155.9463779,0,0
otter_bottom_trawl,OTB_587jto,pinnipeds,1400.142857,155.9463779,0,0
otter_bottom_trawl,OTB_587jto,shearwaters,1400.142857,155.9463779,0,0
otter_bottom_trawl,OTB_58fx5,albatrosses,804.2727273,336.6862875,3.090909091,2.715124459
otter_bottom_trawl,OTB_58fx5,petrels,804.2727273,336.6862875,11,7.379332318
otter_bottom_trawl,OTB_58fx5,pinnipeds,804.2727273,336.6862875,0.545454545,0.545454545
otter_bottom_trawl,OTB_58fx5,shearwaters,804.2727273,336.6862875,0,0
otter_bottom_trawl,OTB_634hs1,albatrosses,562.4285714,40.74278034,0,0
otter_bottom_trawl,OTB_634hs1,petrels,562.4285714,40.74278034,0,0
otter_bottom_trawl,OTB_634hs1,pinnipeds,562.4285714,40.74278034,0,0
otter_bottom_trawl,OTB_634hs1,shearwaters,562.4285714,40.74278034,0,0
otter_bottom_trawl,OTB_64nbr,albatrosses,741.7901235,88.62731849,10.52469136,3.205212004
otter_bottom_trawl,OTB_64nbr,petrels,741.7901235,88.62731849,0.37037037,0.223579171
otter_bottom_trawl,OTB_64nbr,pinnipeds,741.7901235,88.62731849,0.216049383,0.055187974
otter_bottom_trawl,OTB_64nbr,shearwaters,741.7901235,88.62731849,0.635802469,0.254814266
otter_bottom_trawl,OTB_666elc,albatrosses,274.03,16.91778966,0,0
otter_bottom_trawl,OTB_666elc,petrels,274.03,16.91778966,0,0
otter_bottom_trawl,OTB_666elc,pinnipeds,274.03,16.91778966,0.11,0.100398197
otter_bottom_trawl,OTB_666elc,shearwaters,274.03,16.91778966,0,0
otter_bottom_trawl,OTB_669znm,albatrosses,782,91.3622295,0,0
otter_bottom_trawl,OTB_669znm,petrels,782,91.3622295,0,0
otter_bottom_trawl,OTB_669znm,pinnipeds,782,91.3622295,0,0
otter_bottom_trawl,OTB_669znm,shearwaters,782,91.3622295,0,0
otter_bottom_trawl,OTB_67vna,albatrosses,3269,853.8055009,0,0
otter_bottom_trawl,OTB_67vna,petrels,3269,853.8055009,0,0
otter_bottom_trawl,OTB_67vna,pinnipeds,3269,853.8055009,0,0
otter_bottom_trawl,OTB_67vna,shearwaters,3269,853.8055009,0,0
otter_bottom_trawl,OTB_765473,albatrosses,397.7272727,158.6552633,0,0
otter_bottom_trawl,OTB_765473,petrels,397.7272727,158.6552633,0,0
otter_bottom_trawl,OTB_765473,pinnipeds,397.7272727,158.6552633,0,0
otter_bottom_trawl,OTB_765473,shearwaters,397.7272727,158.6552633,0,0
otter_bottom_trawl,OTB_85kq9,albatrosses,431.75,32.95170162,0.590909091,0.341269376
otter_bottom_trawl,OTB_85kq9,petrels,431.75,32.95170162,3.068181818,2.848255595
otter_bottom_trawl,OTB_85kq9,pinnipeds,431.75,32.95170162,0.03030303,0.021345537
otter_bottom_trawl,OTB_85kq9,shearwaters,431.75,32.95170162,0,0
otter_bottom_trawl,OTB_86myy,albatrosses,570.5213675,41.99370084,0,0
otter_bottom_trawl,OTB_86myy,petrels,570.5213675,41.99370084,0,0
otter_bottom_trawl,OTB_86myy,pinnipeds,570.5213675,41.99370084,0.051282051,0.036105247
otter_bottom_trawl,OTB_86myy,shearwaters,570.5213675,41.99370084,0,0
otter_bottom_trawl,OTB_93wt2,albatrosses,400.1139241,54.1062192,0.113924051,0.090056316
otter_bottom_trawl,OTB_93wt2,petrels,400.1139241,54.1062192,0.025316456,0.025316456
otter_bottom_trawl,OTB_93wt2,pinnipeds,400.1139241,54.1062192,0,0
otter_bottom_trawl,OTB_93wt2,shearwaters,400.1139241,54.1062192,3.632911392,2.944150551
prawn_trawl,NPF_10267owy,hammerheads,7026,678.4821593,0.564102564,0.240318254
prawn_trawl,NPF_10267owy,seasnakes,7026,678.4821593,0.41025641,0.102056775
prawn_trawl,NPF_115474n9,hammerheads,5974.307317,495.0324694,0.009756098,0.009756098
prawn_trawl,NPF_115474n9,seasnakes,5974.307317,495.0324694,0.458536585,0.056794991
prawn_trawl,NPF_12273tnj,hammerheads,26796.55172,1974.774318,0,0
prawn_trawl,NPF_12273tnj,seasnakes,26796.55172,1974.774318,0.482758621,0.102129117
prawn_trawl,NPF_12674tfe,hammerheads,0,0,0.037735849,0.018596429
prawn_trawl,NPF_12674tfe,seasnakes,0,0,0.235849057,0.051136037
prawn_trawl,NPF_13304sr7,hammerheads,24161.14286,2870.017624,0.224489796,0.121166756
prawn_trawl,NPF_13304sr7,seasnakes,24161.14286,2870.017624,0.836734694,0.212986016
prawn_trawl,NPF_14211utz,hammerheads,15.66666667,4.607213376,0.074074074,0.044642002
prawn_trawl,NPF_14211utz,seasnakes,15.66666667,4.607213376,0.722222222,0.165966383
prawn_trawl,NPF_154175jk,hammerheads,1.541666667,0.480068448,0.034722222,0.015309531
prawn_trawl,NPF_154175jk,seasnakes,1.541666667,0.480068448,0.368055556,0.072919557
prawn_trawl,NPF_16277umt,hammerheads,6023.128205,762.4424504,0.025641026,0.025641026
prawn_trawl,NPF_16277umt,seasnakes,6023.128205,762.4424504,0.487179487,0.163760609
prawn_trawl,NPF_16417g2q,hammerheads,6452.142857,928.9110691,0,0
prawn_trawl,NPF_16417g2q,seasnakes,6452.142857,928.9110691,1,0.170940865
prawn_trawl,NPF_16809ft,hammerheads,5995.416667,472.6311856,0,0
prawn_trawl,NPF_16809ft,seasnakes,5995.416667,472.6311856,0.791666667,0.111721641
prawn_trawl,NPF_19258h5x,hammerheads,177.3783784,17.72107682,0.189189189,0.115195602
prawn_trawl,NPF_19258h5x,seasnakes,177.3783784,17.72107682,0,0
prawn_trawl,NPF_1993a27,hammerheads,0,0,0,0
prawn_trawl,NPF_1993a27,seasnakes,0,0,0.035714286,0.035714286
prawn_trawl,NPF_20809fwj,hammerheads,3405.181818,314.0928781,0,0
prawn_trawl,NPF_20809fwj,seasnakes,3405.181818,314.0928781,0.424242424,0.106869212
prawn_trawl,NPF_21484kjn,hammerheads,5975.6,1952.664298,0,0
prawn_trawl,NPF_21484kjn,seasnakes,5975.6,1952.664298,0.8,0.8
prawn_trawl,NPF_22052p0a,hammerheads,5648.905405,380.4863634,0,0
prawn_trawl,NPF_22052p0a,seasnakes,5648.905405,380.4863634,0.594594595,0.094104086
prawn_trawl,NPF_22718dw5,hammerheads,5.608695652,5.475944607,0.130434783,0.066729649
prawn_trawl,NPF_22718dw5,seasnakes,5.608695652,5.475944607,0.695652174,0.151863036
prawn_trawl,NPF_28823ptd,hammerheads,0.195402299,0.06506855,0.034482759,0.019675772
prawn_trawl,NPF_28823ptd,seasnakes,0.195402299,0.06506855,0.885057471,0.157181544
prawn_trawl,NPF_3094l2,hammerheads,0.222222222,0.16306653,0,0
prawn_trawl,NPF_3094l2,seasnakes,0.222222222,0.16306653,0.407407407,0.133538936
prawn_trawl,NPF_33590ip4,hammerheads,1642.385827,218.9116706,0.303149606,0.053750079
prawn_trawl,NPF_33590ip4,seasnakes,1642.385827,218.9116706,0.515748031,0.062551464
prawn_trawl,NPF_34078j6q,hammerheads,71.36065574,5.548693185,0,0
prawn_trawl,NPF_34078j6q,seasnakes,71.36065574,5.548693185,0.491803279,0.113616532
prawn_trawl,NPF_40357yj2,hammerheads,22,4.915960401,0.5,0.288675135
prawn_trawl,NPF_40357yj2,seasnakes,22,4.915960401,0,0
prawn_trawl,NPF_41027idz,hammerheads,1199.421053,87.2816285,0,0
prawn_trawl,NPF_41027idz,seasnakes,1199.421053,87.2816285,0.175438596,0.071340578
prawn_trawl,NPF_43883r8a,hammerheads,2641.712575,287.9577656,0.041916168,0.025976761
prawn_trawl,NPF_43883r8a,seasnakes,2641.712575,287.9577656,0.119760479,0.030391234
prawn_trawl,NPF_47560un3,hammerheads,94.27083333,10.09658299,0.15625,0.035151326
prawn_trawl,NPF_47560un3,seasnakes,94.27083333,10.09658299,0.067708333,0.020965847
prawn_trawl,NPF_48464aws,hammerheads,6557.376147,950.337534,0,0
prawn_trawl,NPF_48464aws,seasnakes,6557.376147,950.337534,0.605504587,0.152015762
prawn_trawl,NPF_486321m,hammerheads,0.057142857,0.057142857,0.028571429,0.028571429
prawn_trawl,NPF_486321m,seasnakes,0.057142857,0.057142857,0.371428571,0.18373215
prawn_trawl,NPF_501970gn,hammerheads,0,0,0,0
prawn_trawl,NPF_501970gn,seasnakes,0,0,0.235294118,0.106045626
prawn_trawl,NPF_535405n1,hammerheads,1909.031847,181.3049564,0,0
prawn_trawl,NPF_535405n1,seasnakes,1909.031847,181.3049564,0.401273885,0.05486303
prawn_trawl,NPF_55351tag,hammerheads,2567.905263,150.8167021,0.005263158,0.005263158
prawn_trawl,NPF_55351tag,seasnakes,2567.905263,150.8167021,0.415789474,0.054879588
prawn_trawl,NPF_580831xz,hammerheads,1795.651376,342.2556162,0.201834862,0.06745182
prawn_trawl,NPF_580831xz,seasnakes,1795.651376,342.2556162,0.412844037,0.075115733
prawn_trawl,NPF_584283x1,hammerheads,7569.078947,980.4041768,0,0
prawn_trawl,NPF_584283x1,seasnakes,7569.078947,980.4041768,0.903508772,0.121426916
prawn_trawl,NPF_61381w2o,hammerheads,5574.379518,518.1757392,0.078313253,0.025622536
prawn_trawl,NPF_61381w2o,seasnakes,5574.379518,518.1757392,0.168674699,0.034855938
prawn_trawl,NPF_61940j8y,hammerheads,0.037037037,0.037037037,0,0
prawn_trawl,NPF_61940j8y,seasnakes,0.037037037,0.037037037,0.296296296,0.089551189
prawn_trawl,NPF_62634ins,hammerheads,1354.438679,160.5436778,0.070754717,0.018876306
prawn_trawl,NPF_62634ins,seasnakes,1354.438679,160.5436778,0.636792453,0.088079784
prawn_trawl,NPF_64177zp4,hammerheads,0.153846154,0.1209085,0.115384615,0.052493238
prawn_trawl,NPF_64177zp4,seasnakes,0.153846154,0.1209085,0.365384615,0.142771654
prawn_trawl,NPF_64577z6,hammerheads,1204.536585,184.5236159,0.024390244,0.017139716
prawn_trawl,NPF_64577z6,seasnakes,1204.536585,184.5236159,0.743902439,0.12610365
prawn_trawl,NPF_66127mck,hammerheads,3.896551724,2.81066969,0.068965517,0.047887247
prawn_trawl,NPF_66127mck,seasnakes,3.896551724,2.81066969,0.103448276,0.103448276
prawn_trawl,NPF_67469roc,hammerheads,696.2119205,67.61344786,0,0
prawn_trawl,NPF_67469roc,seasnakes,696.2119205,67.61344786,0.40397351,0.053304745
prawn_trawl,NPF_67755s9o,hammerheads,1714.788462,195.294561,0,0
prawn_trawl,NPF_67755s9o,seasnakes,1714.788462,195.294561,0.365384615,0.082517177
prawn_trawl,NPF_69675mkh,hammerheads,4,1.154700538,0.666666667,0.333333333
prawn_trawl,NPF_69675mkh,seasnakes,4,1.154700538,0,0
prawn_trawl,NPF_69756e22,hammerheads,1979.885714,250.7254375,0.028571429,0.028571429
prawn_trawl,NPF_69756e22,seasnakes,1979.885714,250.7254375,0.571428571,0.243523554
prawn_trawl,NPF_7496660v,hammerheads,1783.564103,145.853266,0,0
prawn_trawl,NPF_7496660v,seasnakes,1783.564103,145.853266,0.256410256,0.052143305
prawn_trawl,NPF_75028697,hammerheads,0.027027027,0.027027027,0,0
prawn_trawl,NPF_75028697,seasnakes,0.027027027,0.027027027,0.162162162,0.082322824
prawn_trawl,NPF_755556pp,hammerheads,2424.814655,288.631111,0.017241379,0.008564528
prawn_trawl,NPF_755556pp,seasnakes,2424.814655,288.631111,0.650862069,0.084947037
prawn_trawl,NPF_762255ds,hammerheads,4540.809524,673.5132961,0,0
prawn_trawl,NPF_762255ds,seasnakes,4540.809524,673.5132961,0.619047619,0.212425791
prawn_trawl,NPF_8125182i,hammerheads,4.777777778,4.777777778,0,0
prawn_trawl,NPF_8125182i,seasnakes,4.777777778,4.777777778,0.555555556,0.37679611
prawn_trawl,NPF_82185eex,hammerheads,10614.125,1647.758586,0,0
prawn_trawl,NPF_82185eex,seasnakes,10614.125,1647.758586,0.328125,0.083495935
prawn_trawl,NPF_84970kju,hammerheads,1585.086207,141.7826235,0,0
prawn_trawl,NPF_84970kju,seasnakes,1585.086207,141.7826235,0.275862069,0.091347059
prawn_trawl,NPF_87201l3,hammerheads,935.6734694,215.3861534,0.387755102,0.159229454
prawn_trawl,NPF_87201l3,seasnakes,935.6734694,215.3861534,0.408163265,0.100671079
prawn_trawl,NPF_87294uge,hammerheads,0.066666667,0.052435953,0.133333333,0.055574385
prawn_trawl,NPF_87294uge,seasnakes,0.066666667,0.052435953,0.5,0.099433423
prawn_trawl,NPF_90192ii0,hammerheads,3.466981132,1.257871299,0.16509434,0.075535244
prawn_trawl,NPF_90192ii0,seasnakes,3.466981132,1.257871299,1.877358491,0.183657348
prawn_trawl,NPF_94905low,hammerheads,12866.79487,2859.587627,0,0
prawn_trawl,NPF_94905low,seasnakes,12866.79487,2859.587627,0.230769231,0.0858516
prawn_trawl,NPF_965839zg,hammerheads,14.15789474,3.835249832,0,0
prawn_trawl,NPF_965839zg,seasnakes,14.15789474,3.835249832,0.052631579,0.052631579
set_gillnets,GNS_11wnr,albatrosses,27,3.604395465,0,0
set_gillnets,GNS_11wnr,dolphins,27,3.604395465,0.0625,0.0625
set_gillnets,GNS_11wnr,shearwaters,27,3.604395465,8.75,3.145764348
set_gillnets,GNS_1221t11,albatrosses,49.88405797,4.088301581,0,0
set_gillnets,GNS_1221t11,dolphins,49.88405797,4.088301581,0,0
set_gillnets,GNS_1221t11,shearwaters,49.88405797,4.088301581,0,0
set_gillnets,GNS_134wsz,albatrosses,105.4829268,6.996325452,1.087804878,0.339226464
set_gillnets,GNS_134wsz,dolphins,105.4829268,6.996325452,0,0
set_gillnets,GNS_134wsz,shearwaters,105.4829268,6.996325452,2.214634146,1.385780042
set_gillnets,GNS_156xlx,albatrosses,98.98198198,6.047274611,0.216216216,0.141018528
set_gillnets,GNS_156xlx,dolphins,98.98198198,6.047274611,0,0
set_gillnets,GNS_156xlx,shearwaters,98.98198198,6.047274611,0,0
set_gillnets,GNS_1653vu0,albatrosses,38.36666667,4.009323425,4.366666667,2.74489425
set_gillnets,GNS_1653vu0,dolphins,38.36666667,4.009323425,0,0
set_gillnets,GNS_1653vu0,shearwaters,38.36666667,4.009323425,0,0
set_gillnets,GNS_1762ir4,albatrosses,69.80882353,7.340377985,1.426470588,0.62761872
set_gillnets,GNS_1762ir4,dolphins,69.80882353,7.340377985,0,0
set_gillnets,GNS_1762ir4,shearwaters,69.80882353,7.340377985,0,0
set_gillnets,GNS_176cv8,albatrosses,39.3902439,5.682330127,0.682926829,0.339366383
set_gillnets,GNS_176cv8,dolphins,39.3902439,5.682330127,0,0
set_gillnets,GNS_176cv8,shearwaters,39.3902439,5.682330127,0.048780488,0.034059122
set_gillnets,GNS_1777hwf,albatrosses,97.65116279,20.70076003,4.744186047,2.390015458
set_gillnets,GNS_1777hwf,dolphins,97.65116279,20.70076003,0,0
set_gillnets,GNS_1777hwf,shearwaters,97.65116279,20.70076003,3.023255814,2.011453465
set_gillnets,GNS_1779kyb,albatrosses,54.98181818,6.094347489,4.072727273,1.976265659
set_gillnets,GNS_1779kyb,dolphins,54.98181818,6.094347489,0,0
set_gillnets,GNS_1779kyb,shearwaters,54.98181818,6.094347489,0.781818182,0.510951386
set_gillnets,GNS_179g80,albatrosses,62.2755102,4.826961166,1.867346939,0.965711078
set_gillnets,GNS_179g80,dolphins,62.2755102,4.826961166,0,0
set_gillnets,GNS_179g80,shearwaters,62.2755102,4.826961166,0.918367347,0.918367347
set_gillnets,GNS_1820abi,albatrosses,19,2.224286623,0.411764706,0.258466777
set_gillnets,GNS_1820abi,dolphins,19,2.224286623,0,0
set_gillnets,GNS_1820abi,shearwaters,19,2.224286623,0,0
set_gillnets,GNS_1828e02,albatrosses,25.5,5.340397108,1.857142857,1.369271893
set_gillnets,GNS_1828e02,dolphins,25.5,5.340397108,0.178571429,0.115625415
set_gillnets,GNS_1828e02,shearwaters,25.5,5.340397108,0,0
set_gillnets,GNS_1830b4n,albatrosses,64.34782609,17.15087763,1.304347826,0.695652174
set_gillnets,GNS_1830b4n,dolphins,64.34782609,17.15087763,0,0
set_gillnets,GNS_1830b4n,shearwaters,64.34782609,17.15087763,8.695652174,8.695652174
set_gillnets,GNS_1863yq6,albatrosses,62.66666667,18.54723699,0.222222222,0.222222222
set_gillnets,GNS_1863yq6,dolphins,62.66666667,18.54723699,0,0
set_gillnets,GNS_1863yq6,shearwaters,62.66666667,18.54723699,0,0
set_gillnets,GNS_18jgi,albatrosses,72.36,8.228179223,0,0
set_gillnets,GNS_18jgi,dolphins,72.36,8.228179223,0,0
set_gillnets,GNS_18jgi,shearwaters,72.36,8.228179223,0,0
set_gillnets,GNS_206z7b,albatrosses,99.875,12.21893331,0,0
set_gillnets,GNS_206z7b,dolphins,99.875,12.21893331,0.484375,0.468762401
set_gillnets,GNS_206z7b,shearwaters,99.875,12.21893331,0,0
set_gillnets,GNS_207sq7,albatrosses,93.67123288,7.673043179,0.589041096,0.484082877
set_gillnets,GNS_207sq7,dolphins,93.67123288,7.673043179,0,0
set_gillnets,GNS_207sq7,shearwaters,93.67123288,7.673043179,0.287671233,0.287671233
set_gillnets,GNS_217pi1,albatrosses,27.87323944,3.439089392,3.591549296,2.397229913
set_gillnets,GNS_217pi1,dolphins,27.87323944,3.439089392,0,0
set_gillnets,GNS_217pi1,shearwaters,27.87323944,3.439089392,2.253521127,2.253521127
set_gillnets,GNS_246t8,albatrosses,52.20930233,4.791506668,0.069767442,0.051503947
set_gillnets,GNS_246t8,dolphins,52.20930233,4.791506668,0,0
set_gillnets,GNS_246t8,shearwaters,52.20930233,4.791506668,1.069767442,0.706241239
set_gillnets,GNS_264bhn,albatrosses,82.94736842,15.84103666,0,0
set_gillnets,GNS_264bhn,dolphins,82.94736842,15.84103666,0,0
set_gillnets,GNS_264bhn,shearwaters,82.94736842,15.84103666,0,0
set_gillnets,GNS_266g99,albatrosses,24.54010695,1.529598431,0.13368984,0.096165598
set_gillnets,GNS_266g99,dolphins,24.54010695,1.529598431,0.016042781,0.009212372
set_gillnets,GNS_266g99,shearwaters,24.54010695,1.529598431,1.096256684,1.069547898
set_gillnets,GNS_2978mg,albatrosses,40.1,14.467368,0,0
set_gillnets,GNS_2978mg,dolphins,40.1,14.467368,0,0
set_gillnets,GNS_2978mg,shearwaters,40.1,14.467368,0,0
set_gillnets,GNS_299y41,albatrosses,130.95,34.30762344,2.2,0.869361532
set_gillnets,GNS_299y41,dolphins,130.95,34.30762344,0,0
set_gillnets,GNS_299y41,shearwaters,130.95,34.30762344,0,0
set_gillnets,GNS_341tw,albatrosses,42.33018868,4.502803793,0.471698113,0.302492653
set_gillnets,GNS_341tw,dolphins,42.33018868,4.502803793,0,0
set_gillnets,GNS_341tw,shearwaters,42.33018868,4.502803793,0.660377358,0.469536828
set_gillnets,GNS_371hg0,albatrosses,222.8571429,87.84928343,0,0
set_gillnets,GNS_371hg0,dolphins,222.8571429,87.84928343,0,0
set_gillnets,GNS_371hg0,shearwaters,222.8571429,87.84928343,0,0
set_gillnets,GNS_3816o3m,albatrosses,53.78125,7.100479081,1.3125,0.759930891
set_gillnets,GNS_3816o3m,dolphins,53.78125,7.100479081,0.0625,0.043475521
set_gillnets,GNS_3816o3m,shearwaters,53.78125,7.100479081,0.75,0.428331346
set_gillnets,GNS_384it7,albatrosses,38.77966102,5.365815331,0.186440678,0.078242592
set_gillnets,GNS_384it7,dolphins,38.77966102,5.365815331,0,0
set_gillnets,GNS_384it7,shearwaters,38.77966102,5.365815331,0.305084746,0.178070438
set_gillnets,GNS_3922kb,albatrosses,47.79545455,5.073308209,0.045454545,0.045454545
set_gillnets,GNS_3922kb,dolphins,47.79545455,5.073308209,0,0
set_gillnets,GNS_3922kb,shearwaters,47.79545455,5.073308209,0,0
set_gillnets,GNS_393co1,albatrosses,57.46153846,13.13812976,4,1.815178172
set_gillnets,GNS_393co1,dolphins,57.46153846,13.13812976,0,0
set_gillnets,GNS_393co1,shearwaters,57.46153846,13.13812976,0,0
set_gillnets,GNS_412wdp,albatrosses,132,15.50121767,0,0
set_gillnets,GNS_412wdp,dolphins,132,15.50121767,0,0
set_gillnets,GNS_412wdp,shearwaters,132,15.50121767,0,0
set_gillnets,GNS_4210p7,albatrosses,84.23529412,11.64756015,0,0
set_gillnets,GNS_4210p7,dolphins,84.23529412,11.64756015,0.058823529,0.058823529
set_gillnets,GNS_4210p7,shearwaters,84.23529412,11.64756015,0,0
set_gillnets,GNS_448mzz,albatrosses,33.07142857,12.21081501,0,0
set_gillnets,GNS_448mzz,dolphins,33.07142857,12.21081501,0,0
set_gillnets,GNS_448mzz,shearwaters,33.07142857,12.21081501,2.5,2.5
set_gillnets,GNS_469qxi,albatrosses,51.11940299,6.079844227,0.865671642,0.492777103
set_gillnets,GNS_469qxi,dolphins,51.11940299,6.079844227,0,0
set_gillnets,GNS_469qxi,shearwaters,51.11940299,6.079844227,1.343283582,0.847896868
set_gillnets,GNS_5148w2,albatrosses,39.94444444,5.742555409,3.222222222,3.222222222
set_gillnets,GNS_5148w2,dolphins,39.94444444,5.742555409,0,0
set_gillnets,GNS_5148w2,shearwaters,39.94444444,5.742555409,0,0
set_gillnets,GNS_52988t,albatrosses,41,14.63443428,1,1
set_gillnets,GNS_52988t,dolphins,41,14.63443428,0,0
set_gillnets,GNS_52988t,shearwaters,41,14.63443428,0,0
set_gillnets,GNS_562uuo,albatrosses,116.5211268,16.14062771,0.394366197,0.219271588
set_gillnets,GNS_562uuo,dolphins,116.5211268,16.14062771,0,0
set_gillnets,GNS_562uuo,shearwaters,116.5211268,16.14062771,0,0
set_gillnets,GNS_568of7,albatrosses,10.25,1.652018967,0,0
set_gillnets,GNS_568of7,dolphins,10.25,1.652018967,0,0
set_gillnets,GNS_568of7,shearwaters,10.25,1.652018967,7.5,7.5
set_gillnets,GNS_623myd,albatrosses,24.625,4.03616464,2.5,2.5
set_gillnets,GNS_623myd,dolphins,24.625,4.03616464,0,0
set_gillnets,GNS_623myd,shearwaters,24.625,4.03616464,0,0
set_gillnets,GNS_625eam,albatrosses,49.28571429,9.209473696,1.314285714,0.70026577
set_gillnets,GNS_625eam,dolphins,49.28571429,9.209473696,0.2,0.2
set_gillnets,GNS_625eam,shearwaters,49.28571429,9.209473696,0,0
set_gillnets,GNS_640khw,albatrosses,38.02040816,4.859898535,0.020408163,0.020408163
set_gillnets,GNS_640khw,dolphins,38.02040816,4.859898535,0,0
set_gillnets,GNS_640khw,shearwaters,38.02040816,4.859898535,0,0
set_gillnets,GNS_81fwf,albatrosses,65.89473684,11.20447415,0,0
set_gillnets,GNS_81fwf,dolphins,65.89473684,11.20447415,0,0
set_gillnets,GNS_81fwf,shearwaters,65.89473684,11.20447415,0,0
set_gillnets,GNS_94mv2,albatrosses,21.23529412,4.046175947,0,0
set_gillnets,GNS_94mv2,dolphins,21.23529412,4.046175947,0,0
set_gillnets,GNS_94mv2,shearwaters,21.23529412,4.046175947,0,0
set_gillnets,GNS_995ihv,albatrosses,57.37037037,4.285937638,0.092592593,0.07504128
set_gillnets,GNS_995ihv,dolphins,57.37037037,4.285937638,0.083333333,0.029782295
set_gillnets,GNS_995ihv,shearwaters,57.37037037,4.285937638,8.5,5.150361166
tuna_longlines,ETBF_100088zc,albatrosses,39.6,10.1808644,0,0
tuna_longlines,ETBF_100088zc,petrels,39.6,10.1808644,0,0
tuna_longlines,ETBF_100088zc,shearwaters,39.6,10.1808644,0,0
tuna_longlines,ETBF_100088zc,shortfin_makos,39.6,10.1808644,1.16,0.446019432
tuna_longlines,ETBF_10805a1i,albatrosses,34.86666667,4.902736521,0.533333333,0.466666667
tuna_longlines,ETBF_10805a1i,petrels,34.86666667,4.902736521,0.066666667,0.066666667
tuna_longlines,ETBF_10805a1i,shearwaters,34.86666667,4.902736521,0.2,0.144749373
tuna_longlines,ETBF_10805a1i,shortfin_makos,34.86666667,4.902736521,2,0.828078671
tuna_longlines,ETBF_10838n4p,albatrosses,13,NA,0,NA
tuna_longlines,ETBF_10838n4p,petrels,13,NA,0,NA
tuna_longlines,ETBF_10838n4p,shearwaters,13,NA,0,NA
tuna_longlines,ETBF_10838n4p,shortfin_makos,13,NA,2,NA
tuna_longlines,ETBF_10912ul3,albatrosses,28.4,2.607733614,0.069565217,0.034321892
tuna_longlines,ETBF_10912ul3,petrels,28.4,2.607733614,0.426086957,0.358627111
tuna_longlines,ETBF_10912ul3,shearwaters,28.4,2.607733614,0.991304348,0.612418603
tuna_longlines,ETBF_10912ul3,shortfin_makos,28.4,2.607733614,1.052173913,0.178066348
tuna_longlines,ETBF_10930val,albatrosses,35.5,11.36253241,0,0
tuna_longlines,ETBF_10930val,petrels,35.5,11.36253241,0,0
tuna_longlines,ETBF_10930val,shearwaters,35.5,11.36253241,0.25,0.25
tuna_longlines,ETBF_10930val,shortfin_makos,35.5,11.36253241,0.75,0.75
tuna_longlines,ETBF_109731ly,albatrosses,28.15789474,6.053012955,0,0
tuna_longlines,ETBF_109731ly,petrels,28.15789474,6.053012955,0.105263158,0.105263158
tuna_longlines,ETBF_109731ly,shearwaters,28.15789474,6.053012955,0.736842105,0.417750207
tuna_longlines,ETBF_109731ly,shortfin_makos,28.15789474,6.053012955,2.631578947,0.50846936
tuna_longlines,ETBF_1109f03,albatrosses,14.23529412,2.153194296,0,0
tuna_longlines,ETBF_1109f03,petrels,14.23529412,2.153194296,0,0
tuna_longlines,ETBF_1109f03,shearwaters,14.23529412,2.153194296,0.588235294,0.588235294
tuna_longlines,ETBF_1109f03,shortfin_makos,14.23529412,2.153194296,0.588235294,0.374350649
tuna_longlines,ETBF_11102yh4,albatrosses,27.77990431,1.248479712,0,0
tuna_longlines,ETBF_11102yh4,petrels,27.77990431,1.248479712,0,0
tuna_longlines,ETBF_11102yh4,shearwaters,27.77990431,1.248479712,0.009569378,0.006750287
tuna_longlines,ETBF_11102yh4,shortfin_makos,27.77990431,1.248479712,0.488038278,0.082547219
tuna_longlines,ETBF_11220el3,albatrosses,29.5,10.5,0,0
tuna_longlines,ETBF_11220el3,petrels,29.5,10.5,0,0
tuna_longlines,ETBF_11220el3,shearwaters,29.5,10.5,0,0
tuna_longlines,ETBF_11220el3,shortfin_makos,29.5,10.5,1,1
tuna_longlines,ETBF_11232ibi,albatrosses,10.5,2.5,0,0
tuna_longlines,ETBF_11232ibi,petrels,10.5,2.5,0,0
tuna_longlines,ETBF_11232ibi,shearwaters,10.5,2.5,6.5,6.5
tuna_longlines,ETBF_11232ibi,shortfin_makos,10.5,2.5,1,1
tuna_longlines,ETBF_1136j3a,albatrosses,3,NA,4,NA
tuna_longlines,ETBF_1136j3a,petrels,3,NA,0,NA
tuna_longlines,ETBF_1136j3a,shearwaters,3,NA,4,NA
tuna_longlines,ETBF_1136j3a,shortfin_makos,3,NA,0,NA
tuna_longlines,ETBF_11391v0w,albatrosses,27.43243243,2.580400992,0,0
tuna_longlines,ETBF_11391v0w,petrels,27.43243243,2.580400992,0,0
tuna_longlines,ETBF_11391v0w,shearwaters,27.43243243,2.580400992,0.027027027,0.027027027
tuna_longlines,ETBF_11391v0w,shortfin_makos,27.43243243,2.580400992,0.756756757,0.249339685
tuna_longlines,ETBF_114097ca,albatrosses,11.41666667,1.453617918,0,0
tuna_longlines,ETBF_114097ca,petrels,11.41666667,1.453617918,0,0
tuna_longlines,ETBF_114097ca,shearwaters,11.41666667,1.453617918,0.5,0.5
tuna_longlines,ETBF_114097ca,shortfin_makos,11.41666667,1.453617918,0,0
tuna_longlines,ETBF_1141fqm,albatrosses,15.5,2.655597447,0,0
tuna_longlines,ETBF_1141fqm,petrels,15.5,2.655597447,0.142857143,0.142857143
tuna_longlines,ETBF_1141fqm,shearwaters,15.5,2.655597447,169.6428571,82.50531832
tuna_longlines,ETBF_1141fqm,shortfin_makos,15.5,2.655597447,0.571428571,0.326726786
tuna_longlines,ETBF_11438bs2,albatrosses,31.890625,3.773216308,0.015625,0.015625
tuna_longlines,ETBF_11438bs2,petrels,31.890625,3.773216308,0,0
tuna_longlines,ETBF_11438bs2,shearwaters,31.890625,3.773216308,0.015625,0.015625
tuna_longlines,ETBF_11438bs2,shortfin_makos,31.890625,3.773216308,0.375,0.107966412
tuna_longlines,ETBF_11447e7l,albatrosses,21.6,3.57211422,0,0
tuna_longlines,ETBF_11447e7l,petrels,21.6,3.57211422,0,0
tuna_longlines,ETBF_11447e7l,shearwaters,21.6,3.57211422,0,0
tuna_longlines,ETBF_11447e7l,shortfin_makos,21.6,3.57211422,1.2,0.8
tuna_longlines,ETBF_11479r7m,albatrosses,38.6,5.287721627,0,0
tuna_longlines,ETBF_11479r7m,petrels,38.6,5.287721627,0,0
tuna_longlines,ETBF_11479r7m,shearwaters,38.6,5.287721627,0,0
tuna_longlines,ETBF_11479r7m,shortfin_makos,38.6,5.287721627,1.6,0.748331477
tuna_longlines,ETBF_11480dfw,albatrosses,31.16666667,6.063094186,3.333333333,3.333333333
tuna_longlines,ETBF_11480dfw,petrels,31.16666667,6.063094186,0,0
tuna_longlines,ETBF_11480dfw,shearwaters,31.16666667,6.063094186,0,0
tuna_longlines,ETBF_11480dfw,shortfin_makos,31.16666667,6.063094186,1,0.447213595
tuna_longlines,ETBF_11489ypv,albatrosses,44.94117647,11.00951146,0,0
tuna_longlines,ETBF_11489ypv,petrels,44.94117647,11.00951146,0,0
tuna_longlines,ETBF_11489ypv,shearwaters,44.94117647,11.00951146,0,0
tuna_longlines,ETBF_11489ypv,shortfin_makos,44.94117647,11.00951146,1.235294118,0.449913486
tuna_longlines,ETBF_1148zb5,albatrosses,40.7,8.902128663,0,0
tuna_longlines,ETBF_1148zb5,petrels,40.7,8.902128663,0,0
tuna_longlines,ETBF_1148zb5,shearwaters,40.7,8.902128663,0,0
tuna_longlines,ETBF_1148zb5,shortfin_makos,40.7,8.902128663,1.15,0.524529865
tuna_longlines,ETBF_11503znf,albatrosses,24.10526316,2.761361154,0,0
tuna_longlines,ETBF_11503znf,petrels,24.10526316,2.761361154,0,0
tuna_longlines,ETBF_11503znf,shearwaters,24.10526316,2.761361154,0,0
tuna_longlines,ETBF_11503znf,shortfin_makos,24.10526316,2.761361154,0.421052632,0.245614035
tuna_longlines,ETBF_11511hux,albatrosses,12,3.450327797,0.714285714,0.285714286
tuna_longlines,ETBF_11511hux,petrels,12,3.450327797,1.571428571,1.571428571
tuna_longlines,ETBF_11511hux,shearwaters,12,3.450327797,18.57142857,10.81193596
tuna_longlines,ETBF_11511hux,shortfin_makos,12,3.450327797,1.714285714,0.91844293
tuna_longlines,ETBF_11512cn0,albatrosses,45.24390244,6.587939876,0,0
tuna_longlines,ETBF_11512cn0,petrels,45.24390244,6.587939876,0.780487805,0.755881165
tuna_longlines,ETBF_11512cn0,shearwaters,45.24390244,6.587939876,1,0.695806253
tuna_longlines,ETBF_11512cn0,shortfin_makos,45.24390244,6.587939876,0.780487805,0.240710825
tuna_longlines,ETBF_11523msc,albatrosses,15.09375,1.793446501,0,0
tuna_longlines,ETBF_11523msc,petrels,15.09375,1.793446501,0,0
tuna_longlines,ETBF_11523msc,shearwaters,15.09375,1.793446501,0,0
tuna_longlines,ETBF_11523msc,shortfin_makos,15.09375,1.793446501,0.125,0.086951043
tuna_longlines,ETBF_115392ey,albatrosses,43.4,11.03449138,0,0
tuna_longlines,ETBF_115392ey,petrels,43.4,11.03449138,0,0
tuna_longlines,ETBF_115392ey,shearwaters,43.4,11.03449138,0,0
tuna_longlines,ETBF_115392ey,shortfin_makos,43.4,11.03449138,0.4,0.4
tuna_longlines,ETBF_11550t4m,albatrosses,28.28571429,7.46966655,0,0
tuna_longlines,ETBF_11550t4m,petrels,28.28571429,7.46966655,0,0
tuna_longlines,ETBF_11550t4m,shearwaters,28.28571429,7.46966655,0.428571429,0.428571429
tuna_longlines,ETBF_11550t4m,shortfin_makos,28.28571429,7.46966655,0.571428571,0.368855557
tuna_longlines,ETBF_11552cx2,albatrosses,18.97058824,1.784007633,0,0
tuna_longlines,ETBF_11552cx2,petrels,18.97058824,1.784007633,0,0
tuna_longlines,ETBF_11552cx2,shearwaters,18.97058824,1.784007633,1.558823529,1.170942896
tuna_longlines,ETBF_11552cx2,shortfin_makos,18.97058824,1.784007633,0.294117647,0.149445868
tuna_longlines,ETBF_11581jmf,albatrosses,16.375,2.751217263,0,0
tuna_longlines,ETBF_11581jmf,petrels,16.375,2.751217263,0,0
tuna_longlines,ETBF_11581jmf,shearwaters,16.375,2.751217263,0,0
tuna_longlines,ETBF_11581jmf,shortfin_makos,16.375,2.751217263,0.75,0.526104281
tuna_longlines,ETBF_11612jsr,albatrosses,18.125,2.071767541,0.020833333,0.020833333
tuna_longlines,ETBF_11612jsr,petrels,18.125,2.071767541,2.583333333,1.337482463
tuna_longlines,ETBF_11612jsr,shearwaters,18.125,2.071767541,23.625,6.00366503
tuna_longlines,ETBF_11612jsr,shortfin_makos,18.125,2.071767541,0.5,0.126322788
tuna_longlines,ETBF_11614uwz,albatrosses,51.23076923,6.442202448,0,0
tuna_longlines,ETBF_11614uwz,petrels,51.23076923,6.442202448,0,0
tuna_longlines,ETBF_11614uwz,shearwaters,51.23076923,6.442202448,0,0
tuna_longlines,ETBF_11614uwz,shortfin_makos,51.23076923,6.442202448,0.384615385,0.180400606
tuna_longlines,ETBF_11615o22,albatrosses,22.33333333,4.096068576,0,0
tuna_longlines,ETBF_11615o22,petrels,22.33333333,4.096068576,0,0
tuna_longlines,ETBF_11615o22,shearwaters,22.33333333,4.096068576,0,0
tuna_longlines,ETBF_11615o22,shortfin_makos,22.33333333,4.096068576,0.666666667,0.666666667
tuna_longlines,ETBF_11619eva,albatrosses,43.76470588,4.440547818,0,0
tuna_longlines,ETBF_11619eva,petrels,43.76470588,4.440547818,0,0
tuna_longlines,ETBF_11619eva,shearwaters,43.76470588,4.440547818,0,0
tuna_longlines,ETBF_11619eva,shortfin_makos,43.76470588,4.440547818,0.176470588,0.098749654
tuna_longlines,ETBF_11622vmv,albatrosses,23.88,4.729209279,0.04,0.04
tuna_longlines,ETBF_11622vmv,petrels,23.88,4.729209279,0.14,0.121251972
tuna_longlines,ETBF_11622vmv,shearwaters,23.88,4.729209279,56.04,19.0882154
tuna_longlines,ETBF_11622vmv,shortfin_makos,23.88,4.729209279,0.56,0.171809101
tuna_longlines,ETBF_11638f6x,albatrosses,33.88095238,2.921491613,0.05952381,0.048945245
tuna_longlines,ETBF_11638f6x,petrels,33.88095238,2.921491613,0.261904762,0.261904762
tuna_longlines,ETBF_11638f6x,shearwaters,33.88095238,2.921491613,1.535714286,0.991566045
tuna_longlines,ETBF_11638f6x,shortfin_makos,33.88095238,2.921491613,1.19047619,0.200741733
tuna_longlines,ETBF_11642v6j,albatrosses,26.9,3.282762649,0,0
tuna_longlines,ETBF_11642v6j,petrels,26.9,3.282762649,0.1,0.071428571
tuna_longlines,ETBF_11642v6j,shearwaters,26.9,3.282762649,8.04,3.782770823
tuna_longlines,ETBF_11642v6j,shortfin_makos,26.9,3.282762649,0.96,0.207924633
tuna_longlines,ETBF_11659shl,albatrosses,25.5,19.05037182,1,1
tuna_longlines,ETBF_11659shl,petrels,25.5,19.05037182,0,0
tuna_longlines,ETBF_11659shl,shearwaters,25.5,19.05037182,0,0
tuna_longlines,ETBF_11659shl,shortfin_makos,25.5,19.05037182,2,2
tuna_longlines,ETBF_11678kpu,albatrosses,28.77777778,4.296752393,0.111111111,0.111111111
tuna_longlines,ETBF_11678kpu,petrels,28.77777778,4.296752393,0,0
tuna_longlines,ETBF_11678kpu,shearwaters,28.77777778,4.296752393,1.416666667,0.723061173
tuna_longlines,ETBF_11678kpu,shortfin_makos,28.77777778,4.296752393,1.166666667,0.201186954
tuna_longlines,ETBF_11680fxz,albatrosses,61.42857143,7.466933912,0,0
tuna_longlines,ETBF_11680fxz,petrels,61.42857143,7.466933912,0,0
tuna_longlines,ETBF_11680fxz,shearwaters,61.42857143,7.466933912,0,0
tuna_longlines,ETBF_11680fxz,shortfin_makos,61.42857143,7.466933912,0,0
tuna_longlines,ETBF_11688hug,albatrosses,7.181818182,1.67775923,0,0
tuna_longlines,ETBF_11688hug,petrels,7.181818182,1.67775923,0,0
tuna_longlines,ETBF_11688hug,shearwaters,7.181818182,1.67775923,0.636363636,0.636363636
tuna_longlines,ETBF_11688hug,shortfin_makos,7.181818182,1.67775923,0.545454545,0.389956556
tuna_longlines,ETBF_11710863,albatrosses,46.2,10.92886087,0,0
tuna_longlines,ETBF_11710863,petrels,46.2,10.92886087,0,0
tuna_longlines,ETBF_11710863,shearwaters,46.2,10.92886087,0,0
tuna_longlines,ETBF_11710863,shortfin_makos,46.2,10.92886087,0.2,0.2
tuna_longlines,ETBF_11713eed,albatrosses,45.06666667,10.13361528,0,0
tuna_longlines,ETBF_11713eed,petrels,45.06666667,10.13361528,0,0
tuna_longlines,ETBF_11713eed,shearwaters,45.06666667,10.13361528,0,0
tuna_longlines,ETBF_11713eed,shortfin_makos,45.06666667,10.13361528,1.733333333,0.620803371
tuna_longlines,ETBF_11715kbj,albatrosses,39.34210526,5.095709337,0,0
tuna_longlines,ETBF_11715kbj,petrels,39.34210526,5.095709337,0.026315789,0.026315789
tuna_longlines,ETBF_11715kbj,shearwaters,39.34210526,5.095709337,0,0
tuna_longlines,ETBF_11715kbj,shortfin_makos,39.34210526,5.095709337,1.236842105,0.320991996
tuna_longlines,ETBF_117377bl,albatrosses,25.6875,3.47459833,0.25,0.167109341
tuna_longlines,ETBF_117377bl,petrels,25.6875,3.47459833,4.958333333,3.95508452
tuna_longlines,ETBF_117377bl,shearwaters,25.6875,3.47459833,0.0625,0.046186582
tuna_longlines,ETBF_117377bl,shortfin_makos,25.6875,3.47459833,0.833333333,0.176985528
tuna_longlines,ETBF_11741fis,albatrosses,25.72222222,2.689961088,0,0
tuna_longlines,ETBF_11741fis,petrels,25.72222222,2.689961088,0,0
tuna_longlines,ETBF_11741fis,shearwaters,25.72222222,2.689961088,0.694444444,0.694444444
tuna_longlines,ETBF_11741fis,shortfin_makos,25.72222222,2.689961088,0.666666667,0.195180015
tuna_longlines,ETBF_11742eqi,albatrosses,53.69230769,7.991297041,0,0
tuna_longlines,ETBF_11742eqi,petrels,53.69230769,7.991297041,0.115384615,0.115384615
tuna_longlines,ETBF_11742eqi,shearwaters,53.69230769,7.991297041,0,0
tuna_longlines,ETBF_11742eqi,shortfin_makos,53.69230769,7.991297041,0.538461538,0.209253392
tuna_longlines,ETBF_11743yml,albatrosses,12.71428571,3.603664046,0,0
tuna_longlines,ETBF_11743yml,petrels,12.71428571,3.603664046,0,0
tuna_longlines,ETBF_11743yml,shearwaters,12.71428571,3.603664046,0,0
tuna_longlines,ETBF_11743yml,shortfin_makos,12.71428571,3.603664046,0.285714286,0.285714286
tuna_longlines,ETBF_117658hb,albatrosses,8.5,5.267826876,0,0
tuna_longlines,ETBF_117658hb,petrels,8.5,5.267826876,5.25,5.25
tuna_longlines,ETBF_117658hb,shearwaters,8.5,5.267826876,0,0
tuna_longlines,ETBF_117658hb,shortfin_makos,8.5,5.267826876,0.5,0.5
tuna_longlines,ETBF_11767i4g,albatrosses,43.1147541,4.683601106,0,0
tuna_longlines,ETBF_11767i4g,petrels,43.1147541,4.683601106,0,0
tuna_longlines,ETBF_11767i4g,shearwaters,43.1147541,4.683601106,0.016393443,0.016393443
tuna_longlines,ETBF_11767i4g,shortfin_makos,43.1147541,4.683601106,1.229508197,0.328428484
tuna_longlines,ETBF_11768eg4,albatrosses,56.82,5.956350752,0,0
tuna_longlines,ETBF_11768eg4,petrels,56.82,5.956350752,0,0
tuna_longlines,ETBF_11768eg4,shearwaters,56.82,5.956350752,0,0
tuna_longlines,ETBF_11768eg4,shortfin_makos,56.82,5.956350752,0.34,0.097352714
tuna_longlines,ETBF_11774bth,albatrosses,30.96666667,1.807906757,0.022222222,0.022222222
tuna_longlines,ETBF_11774bth,petrels,30.96666667,1.807906757,0,0
tuna_longlines,ETBF_11774bth,shearwaters,30.96666667,1.807906757,0.077777778,0.04800067
tuna_longlines,ETBF_11774bth,shortfin_makos,30.96666667,1.807906757,0.777777778,0.157046537
tuna_longlines,ETBF_11775y8u,albatrosses,39.45,3.424735871,0.05,0.05
tuna_longlines,ETBF_11775y8u,petrels,39.45,3.424735871,0.4,0.275298881
tuna_longlines,ETBF_11775y8u,shearwaters,39.45,3.424735871,7.9,3.532480864
tuna_longlines,ETBF_11775y8u,shortfin_makos,39.45,3.424735871,1.1,0.306937333
tuna_longlines,ETBF_117775pg,albatrosses,28.7037037,2.326955356,0.148148148,0.087080662
tuna_longlines,ETBF_117775pg,petrels,28.7037037,2.326955356,0.722222222,0.372058286
tuna_longlines,ETBF_117775pg,shearwaters,28.7037037,2.326955356,30.06481481,7.868030062
tuna_longlines,ETBF_117775pg,shortfin_makos,28.7037037,2.326955356,1.092592593,0.15761343
tuna_longlines,ETBF_11787ys8,albatrosses,27.93693694,1.586040624,0,0
tuna_longlines,ETBF_11787ys8,petrels,27.93693694,1.586040624,0,0
tuna_longlines,ETBF_11787ys8,shearwaters,27.93693694,1.586040624,0.018018018,0.018018018
tuna_longlines,ETBF_11787ys8,shortfin_makos,27.93693694,1.586040624,0.594594595,0.110377491
tuna_longlines,ETBF_11789ymj,albatrosses,23.86666667,3.71396491,0.355555556,0.193728842
tuna_longlines,ETBF_11789ymj,petrels,23.86666667,3.71396491,11.48888889,10.07294718
tuna_longlines,ETBF_11789ymj,shearwaters,23.86666667,3.71396491,5.222222222,3.262565281
tuna_longlines,ETBF_11789ymj,shortfin_makos,23.86666667,3.71396491,0.4,0.120604538
tuna_longlines,ETBF_118177pk,albatrosses,21,3.476907949,0,0
tuna_longlines,ETBF_118177pk,petrels,21,3.476907949,21.3,21.3
tuna_longlines,ETBF_118177pk,shearwaters,21,3.476907949,0,0
tuna_longlines,ETBF_118177pk,shortfin_makos,21,3.476907949,0,0
tuna_longlines,ETBF_11837xcg,albatrosses,14.25,2.561737691,0,0
tuna_longlines,ETBF_11837xcg,petrels,14.25,2.561737691,0,0
tuna_longlines,ETBF_11837xcg,shearwaters,14.25,2.561737691,0,0
tuna_longlines,ETBF_11837xcg,shortfin_makos,14.25,2.561737691,0.5,0.5
tuna_longlines,ETBF_118953v5,albatrosses,25.875,3.194857487,0,0
tuna_longlines,ETBF_118953v5,petrels,25.875,3.194857487,0,0
tuna_longlines,ETBF_118953v5,shearwaters,25.875,3.194857487,0,0
tuna_longlines,ETBF_118953v5,shortfin_makos,25.875,3.194857487,0.5,0.139655097
tuna_longlines,ETBF_11896wxl,albatrosses,8,3.016620626,0,0
tuna_longlines,ETBF_11896wxl,petrels,8,3.016620626,0,0
tuna_longlines,ETBF_11896wxl,shearwaters,8,3.016620626,0,0
tuna_longlines,ETBF_11896wxl,shortfin_makos,8,3.016620626,0.4,0.4
tuna_longlines,ETBF_119001hw,albatrosses,116.7692308,22.58975087,0,0
tuna_longlines,ETBF_119001hw,petrels,116.7692308,22.58975087,0,0
tuna_longlines,ETBF_119001hw,shearwaters,116.7692308,22.58975087,0,0
tuna_longlines,ETBF_119001hw,shortfin_makos,116.7692308,22.58975087,4.153846154,0.696568088
tuna_longlines,ETBF_11921mrb,albatrosses,23.13043478,2.951052835,0.217391304,0.217391304
tuna_longlines,ETBF_11921mrb,petrels,23.13043478,2.951052835,0,0
tuna_longlines,ETBF_11921mrb,shearwaters,23.13043478,2.951052835,0,0
tuna_longlines,ETBF_11921mrb,shortfin_makos,23.13043478,2.951052835,0.608695652,0.233034039
tuna_longlines,ETBF_11930ljw,albatrosses,32.56410256,4.472255885,1.282051282,0.599086932
tuna_longlines,ETBF_11930ljw,petrels,32.56410256,4.472255885,4.025641026,2.015622915
tuna_longlines,ETBF_11930ljw,shearwaters,32.56410256,4.472255885,46.74358974,14.01015238
tuna_longlines,ETBF_11930ljw,shortfin_makos,32.56410256,4.472255885,0.820512821,0.216934211
tuna_longlines,ETBF_11935fhw,albatrosses,128.5294118,26.76080288,0,0
tuna_longlines,ETBF_11935fhw,petrels,128.5294118,26.76080288,0,0
tuna_longlines,ETBF_11935fhw,shearwaters,128.5294118,26.76080288,0,0
tuna_longlines,ETBF_11935fhw,shortfin_makos,128.5294118,26.76080288,3.411764706,0.658981074
tuna_longlines,ETBF_11941m37,albatrosses,42.29807692,3.07012514,1.442307692,0.933648929
tuna_longlines,ETBF_11941m37,petrels,42.29807692,3.07012514,2.586538462,1.866662972
tuna_longlines,ETBF_11941m37,shearwaters,42.29807692,3.07012514,6.259615385,2.41525504
tuna_longlines,ETBF_11941m37,shortfin_makos,42.29807692,3.07012514,0.951923077,0.161316818
tuna_longlines,ETBF_11946hlv,albatrosses,34.45833333,3.14639779,0.430555556,0.430555556
tuna_longlines,ETBF_11946hlv,petrels,34.45833333,3.14639779,7.013888889,3.12891339
tuna_longlines,ETBF_11946hlv,shearwaters,34.45833333,3.14639779,75.19444444,39.16727419
tuna_longlines,ETBF_11946hlv,shortfin_makos,34.45833333,3.14639779,0.722222222,0.144299916
tuna_longlines,ETBF_11955wcd,albatrosses,20.5,4.219004622,0,0
tuna_longlines,ETBF_11955wcd,petrels,20.5,4.219004622,0,0
tuna_longlines,ETBF_11955wcd,shearwaters,20.5,4.219004622,0,0
tuna_longlines,ETBF_11955wcd,shortfin_makos,20.5,4.219004622,0.75,0.309569594
tuna_longlines,ETBF_11959ulx,albatrosses,100.25,17.71475374,0,0
tuna_longlines,ETBF_11959ulx,petrels,100.25,17.71475374,0,0
tuna_longlines,ETBF_11959ulx,shearwaters,100.25,17.71475374,0,0
tuna_longlines,ETBF_11959ulx,shortfin_makos,100.25,17.71475374,0.75,0.25
tuna_longlines,ETBF_11986mg0,albatrosses,54.5,15.5,0,0
tuna_longlines,ETBF_11986mg0,petrels,54.5,15.5,0,0
tuna_longlines,ETBF_11986mg0,shearwaters,54.5,15.5,0,0
tuna_longlines,ETBF_11986mg0,shortfin_makos,54.5,15.5,0,0
tuna_longlines,ETBF_12000v85,albatrosses,17,7.637626158,0,0
tuna_longlines,ETBF_12000v85,petrels,17,7.637626158,0,0
tuna_longlines,ETBF_12000v85,shearwaters,17,7.637626158,0,0
tuna_longlines,ETBF_12000v85,shortfin_makos,17,7.637626158,0.666666667,0.666666667
tuna_longlines,ETBF_12028e0j,albatrosses,78.25,7.424493657,0,0
tuna_longlines,ETBF_12028e0j,petrels,78.25,7.424493657,0,0
tuna_longlines,ETBF_12028e0j,shearwaters,78.25,7.424493657,0,0
tuna_longlines,ETBF_12028e0j,shortfin_makos,78.25,7.424493657,1.166666667,0.344509606
tuna_longlines,ETBF_120292ml,albatrosses,66.87671233,6.054607703,0.04109589,0.04109589
tuna_longlines,ETBF_120292ml,petrels,66.87671233,6.054607703,0,0
tuna_longlines,ETBF_120292ml,shearwaters,66.87671233,6.054607703,0,0
tuna_longlines,ETBF_120292ml,shortfin_makos,66.87671233,6.054607703,1.931506849,0.318940865
tuna_longlines,ETBF_120470ai,albatrosses,33.33333333,7.666666667,0,0
tuna_longlines,ETBF_120470ai,petrels,33.33333333,7.666666667,0,0
tuna_longlines,ETBF_120470ai,shearwaters,33.33333333,7.666666667,0,0
tuna_longlines,ETBF_120470ai,shortfin_makos,33.33333333,7.666666667,0,0
tuna_longlines,ETBF_120528k9,albatrosses,36.53571429,2.659509531,0.202380952,0.075326335
tuna_longlines,ETBF_120528k9,petrels,36.53571429,2.659509531,11.70238095,5.59717728
tuna_longlines,ETBF_120528k9,shearwaters,36.53571429,2.659509531,12.8452381,6.492006958
tuna_longlines,ETBF_120528k9,shortfin_makos,36.53571429,2.659509531,1.119047619,0.2124933
tuna_longlines,ETBF_12057ju9,albatrosses,22.33962264,2.162811325,0.452830189,0.287077812
tuna_longlines,ETBF_12057ju9,petrels,22.33962264,2.162811325,0,0
tuna_longlines,ETBF_12057ju9,shearwaters,22.33962264,2.162811325,35.64150943,7.136503106
tuna_longlines,ETBF_12057ju9,shortfin_makos,22.33962264,2.162811325,1.20754717,0.23693509
tuna_longlines,ETBF_12096w15,albatrosses,20.3968254,1.799974353,0.015873016,0.015873016
tuna_longlines,ETBF_12096w15,petrels,20.3968254,1.799974353,0,0
tuna_longlines,ETBF_12096w15,shearwaters,20.3968254,1.799974353,0,0
tuna_longlines,ETBF_12096w15,shortfin_makos,20.3968254,1.799974353,0.857142857,0.205974689
tuna_longlines,ETBF_12112yxl,albatrosses,7.666666667,2.905932629,0,0
tuna_longlines,ETBF_12112yxl,petrels,7.666666667,2.905932629,0,0
tuna_longlines,ETBF_12112yxl,shearwaters,7.666666667,2.905932629,1.666666667,1.666666667
tuna_longlines,ETBF_12112yxl,shortfin_makos,7.666666667,2.905932629,0,0
tuna_longlines,ETBF_12139e4q,albatrosses,44.72972973,6.045206158,0.324324324,0.274146379
tuna_longlines,ETBF_12139e4q,petrels,44.72972973,6.045206158,0.027027027,0.027027027
tuna_longlines,ETBF_12139e4q,shearwaters,44.72972973,6.045206158,0.135135135,0.110704556
tuna_longlines,ETBF_12139e4q,shortfin_makos,44.72972973,6.045206158,2.324324324,0.383703413
tuna_longlines,ETBF_12163f2s,albatrosses,51.24137931,6.399787399,0.620689655,0.385749201
tuna_longlines,ETBF_12163f2s,petrels,51.24137931,6.399787399,0.310344828,0.1928746
tuna_longlines,ETBF_12163f2s,shearwaters,51.24137931,6.399787399,2.75862069,1.43980634
tuna_longlines,ETBF_12163f2s,shortfin_makos,51.24137931,6.399787399,1.517241379,0.451108896
tuna_longlines,ETBF_12168z0a,albatrosses,36.66666667,4.932594077,0,0
tuna_longlines,ETBF_12168z0a,petrels,36.66666667,4.932594077,0,0
tuna_longlines,ETBF_12168z0a,shearwaters,36.66666667,4.932594077,0,0
tuna_longlines,ETBF_12168z0a,shortfin_makos,36.66666667,4.932594077,0.740740741,0.242215513
tuna_longlines,ETBF_12176aif,albatrosses,23.04,2.244259798,0,0
tuna_longlines,ETBF_12176aif,petrels,23.04,2.244259798,0,0
tuna_longlines,ETBF_12176aif,shearwaters,23.04,2.244259798,0.02,0.02
tuna_longlines,ETBF_12176aif,shortfin_makos,23.04,2.244259798,0.56,0.140436637
tuna_longlines,ETBF_121799yd,albatrosses,43.9537037,3.04615426,0,0
tuna_longlines,ETBF_121799yd,petrels,43.9537037,3.04615426,0,0
tuna_longlines,ETBF_121799yd,shearwaters,43.9537037,3.04615426,0,0
tuna_longlines,ETBF_121799yd,shortfin_makos,43.9537037,3.04615426,0.685185185,0.125942723
tuna_longlines,ETBF_12190ii9,albatrosses,31.84615385,2.390601876,0.730769231,0.434781927
tuna_longlines,ETBF_12190ii9,petrels,31.84615385,2.390601876,0,0
tuna_longlines,ETBF_12190ii9,shearwaters,31.84615385,2.390601876,1.141025641,0.743206407
tuna_longlines,ETBF_12190ii9,shortfin_makos,31.84615385,2.390601876,0.551282051,0.131143484
tuna_longlines,ETBF_12207sd8,albatrosses,43.28947368,7.101570349,0,0
tuna_longlines,ETBF_12207sd8,petrels,43.28947368,7.101570349,0,0
tuna_longlines,ETBF_12207sd8,shearwaters,43.28947368,7.101570349,30.84210526,18.9391301
tuna_longlines,ETBF_12207sd8,shortfin_makos,43.28947368,7.101570349,0.105263158,0.073419561
tuna_longlines,ETBF_122142pc,albatrosses,24.05405405,2.176845786,0,0
tuna_longlines,ETBF_122142pc,petrels,24.05405405,2.176845786,4.432432432,4.432432432
tuna_longlines,ETBF_122142pc,shearwaters,24.05405405,2.176845786,5.513513514,4.418365579
tuna_longlines,ETBF_122142pc,shortfin_makos,24.05405405,2.176845786,0.864864865,0.198198198
tuna_longlines,ETBF_122219tn,albatrosses,14,2,0,0
tuna_longlines,ETBF_122219tn,petrels,14,2,0,0
tuna_longlines,ETBF_122219tn,shearwaters,14,2,0,0
tuna_longlines,ETBF_122219tn,shortfin_makos,14,2,0,0
tuna_longlines,ETBF_12249n6a,albatrosses,33.91111111,3.722980712,0.044444444,0.026960512
tuna_longlines,ETBF_12249n6a,petrels,33.91111111,3.722980712,7.666666667,4.152192087
tuna_longlines,ETBF_12249n6a,shearwaters,33.91111111,3.722980712,16.63333333,9.294400473
tuna_longlines,ETBF_12249n6a,shortfin_makos,33.91111111,3.722980712,1.466666667,0.28930154
tuna_longlines,ETBF_122528sx,albatrosses,29.71212121,2.976580315,0,0
tuna_longlines,ETBF_122528sx,petrels,29.71212121,2.976580315,0,0
tuna_longlines,ETBF_122528sx,shearwaters,29.71212121,2.976580315,0.090909091,0.051672596
tuna_longlines,ETBF_122528sx,shortfin_makos,29.71212121,2.976580315,0.787878788,0.148834088
tuna_longlines,ETBF_12272kwb,albatrosses,44.35294118,8.553009952,0.176470588,0.176470588
tuna_longlines,ETBF_12272kwb,petrels,44.35294118,8.553009952,0,0
tuna_longlines,ETBF_12272kwb,shearwaters,44.35294118,8.553009952,0,0
tuna_longlines,ETBF_12272kwb,shortfin_makos,44.35294118,8.553009952,1.058823529,0.488624933
tuna_longlines,ETBF_12326u65,albatrosses,63.03370787,6.297393332,0,0
tuna_longlines,ETBF_12326u65,petrels,63.03370787,6.297393332,0,0
tuna_longlines,ETBF_12326u65,shearwaters,63.03370787,6.297393332,0,0
tuna_longlines,ETBF_12326u65,shortfin_makos,63.03370787,6.297393332,1.876404494,0.265875039
tuna_longlines,ETBF_1233811g,albatrosses,46.92592593,4.325812303,0.37037037,0.163040826
tuna_longlines,ETBF_1233811g,petrels,46.92592593,4.325812303,0.407407407,0.239720125
tuna_longlines,ETBF_1233811g,shearwaters,46.92592593,4.325812303,0.055555556,0.034389632
tuna_longlines,ETBF_1233811g,shortfin_makos,46.92592593,4.325812303,1.398148148,0.222846921
tuna_longlines,ETBF_12340dy3,albatrosses,38.2,3.558722313,0.106666667,0.048669999
tuna_longlines,ETBF_12340dy3,petrels,38.2,3.558722313,0.453333333,0.361325554
tuna_longlines,ETBF_12340dy3,shearwaters,38.2,3.558722313,0.76,0.467248029
tuna_longlines,ETBF_12340dy3,shortfin_makos,38.2,3.558722313,1.693333333,0.241596293
tuna_longlines,ETBF_1234335j,albatrosses,52.75,15.43467417,0,0
tuna_longlines,ETBF_1234335j,petrels,52.75,15.43467417,0,0
tuna_longlines,ETBF_1234335j,shearwaters,52.75,15.43467417,0,0
tuna_longlines,ETBF_1234335j,shortfin_makos,52.75,15.43467417,2,1.414213562
tuna_longlines,ETBF_12356wi6,albatrosses,42.66666667,9.714822581,0,0
tuna_longlines,ETBF_12356wi6,petrels,42.66666667,9.714822581,0,0
tuna_longlines,ETBF_12356wi6,shearwaters,42.66666667,9.714822581,0,0
tuna_longlines,ETBF_12356wi6,shortfin_makos,42.66666667,9.714822581,0,0
tuna_longlines,ETBF_12372ktt,albatrosses,18.54545455,3.022088433,0,0
tuna_longlines,ETBF_12372ktt,petrels,18.54545455,3.022088433,0,0
tuna_longlines,ETBF_12372ktt,shearwaters,18.54545455,3.022088433,0,0
tuna_longlines,ETBF_12372ktt,shortfin_makos,18.54545455,3.022088433,0.636363636,0.33254531
tuna_longlines,ETBF_123857im,albatrosses,20.67346939,2.277960762,0.020408163,0.020408163
tuna_longlines,ETBF_123857im,petrels,20.67346939,2.277960762,0,0
tuna_longlines,ETBF_123857im,shearwaters,20.67346939,2.277960762,0.020408163,0.020408163
tuna_longlines,ETBF_123857im,shortfin_makos,20.67346939,2.277960762,0.408163265,0.130143717
tuna_longlines,ETBF_12418ecz,albatrosses,4.25,1.436140662,0,0
tuna_longlines,ETBF_12418ecz,petrels,4.25,1.436140662,0,0
tuna_longlines,ETBF_12418ecz,shearwaters,4.25,1.436140662,0.5,0.5
tuna_longlines,ETBF_12418ecz,shortfin_makos,4.25,1.436140662,1,0.755928946
tuna_longlines,ETBF_12421qah,albatrosses,23.22222222,6.531500121,0,0
tuna_longlines,ETBF_12421qah,petrels,23.22222222,6.531500121,0,0
tuna_longlines,ETBF_12421qah,shearwaters,23.22222222,6.531500121,0,0
tuna_longlines,ETBF_12421qah,shortfin_makos,23.22222222,6.531500121,0.666666667,0.372677996
tuna_longlines,ETBF_12449srb,albatrosses,56.45833333,7.464036609,0.125,0.125
tuna_longlines,ETBF_12449srb,petrels,56.45833333,7.464036609,0.020833333,0.020833333
tuna_longlines,ETBF_12449srb,shearwaters,56.45833333,7.464036609,0,0
tuna_longlines,ETBF_12449srb,shortfin_makos,56.45833333,7.464036609,1.833333333,0.436919152
tuna_longlines,ETBF_12451v9d,albatrosses,16.16666667,3.076876942,0,0
tuna_longlines,ETBF_12451v9d,petrels,16.16666667,3.076876942,0,0
tuna_longlines,ETBF_12451v9d,shearwaters,16.16666667,3.076876942,0,0
tuna_longlines,ETBF_12451v9d,shortfin_makos,16.16666667,3.076876942,0.666666667,0.376050717
tuna_longlines,ETBF_12455nkp,albatrosses,33.42105263,2.263769807,0,0
tuna_longlines,ETBF_12455nkp,petrels,33.42105263,2.263769807,0,0
tuna_longlines,ETBF_12455nkp,shearwaters,33.42105263,2.263769807,0,0
tuna_longlines,ETBF_12455nkp,shortfin_makos,33.42105263,2.263769807,1.052631579,0.319664336
tuna_longlines,ETBF_12468y9e,albatrosses,32.26923077,4.539250257,0.038461538,0.038461538
tuna_longlines,ETBF_12468y9e,petrels,32.26923077,4.539250257,0,0
tuna_longlines,ETBF_12468y9e,shearwaters,32.26923077,4.539250257,0.307692308,0.307692308
tuna_longlines,ETBF_12468y9e,shortfin_makos,32.26923077,4.539250257,0.461538462,0.201767339
tuna_longlines,ETBF_12510040,albatrosses,32.76923077,4.896563219,0,0
tuna_longlines,ETBF_12510040,petrels,32.76923077,4.896563219,0,0
tuna_longlines,ETBF_12510040,shearwaters,32.76923077,4.896563219,0,0
tuna_longlines,ETBF_12510040,shortfin_makos,32.76923077,4.896563219,0.153846154,0.153846154
tuna_longlines,ETBF_12588b5w,albatrosses,57.55555556,11.81819585,0,0
tuna_longlines,ETBF_12588b5w,petrels,57.55555556,11.81819585,0,0
tuna_longlines,ETBF_12588b5w,shearwaters,57.55555556,11.81819585,0,0
tuna_longlines,ETBF_12588b5w,shortfin_makos,57.55555556,11.81819585,0,0
tuna_longlines,ETBF_1272l8d,albatrosses,29,14.07835218,0.2,0.2
tuna_longlines,ETBF_1272l8d,petrels,29,14.07835218,0,0
tuna_longlines,ETBF_1272l8d,shearwaters,29,14.07835218,38,23.74868417
tuna_longlines,ETBF_1272l8d,shortfin_makos,29,14.07835218,1.2,0.8
tuna_longlines,ETBF_1313zmc,albatrosses,19.11111111,4.331552341,0,0
tuna_longlines,ETBF_1313zmc,petrels,19.11111111,4.331552341,1.111111111,0.806991058
tuna_longlines,ETBF_1313zmc,shearwaters,19.11111111,4.331552341,90.55555556,36.70873008
tuna_longlines,ETBF_1313zmc,shortfin_makos,19.11111111,4.331552341,0.222222222,0.222222222
tuna_longlines,ETBF_1536zuu,albatrosses,43.5546875,3.7945161,0.578125,0.312865805
tuna_longlines,ETBF_1536zuu,petrels,43.5546875,3.7945161,0.5234375,0.268270572
tuna_longlines,ETBF_1536zuu,shearwaters,43.5546875,3.7945161,2.171875,1.572247524
tuna_longlines,ETBF_1536zuu,shortfin_makos,43.5546875,3.7945161,1.734375,0.243135171
tuna_longlines,ETBF_1542pxu,albatrosses,19.7,3.870256954,0.8,0.4163332
tuna_longlines,ETBF_1542pxu,petrels,19.7,3.870256954,0.4,0.4
tuna_longlines,ETBF_1542pxu,shearwaters,19.7,3.870256954,3.6,3.380335289
tuna_longlines,ETBF_1542pxu,shortfin_makos,19.7,3.870256954,2,0.666666667
tuna_longlines,ETBF_1621v6,albatrosses,45.46428571,4.251942502,0.107142857,0.047958486
tuna_longlines,ETBF_1621v6,petrels,45.46428571,4.251942502,0,0
tuna_longlines,ETBF_1621v6,shearwaters,45.46428571,4.251942502,0.261904762,0.196146941
tuna_longlines,ETBF_1621v6,shortfin_makos,45.46428571,4.251942502,1.547619048,0.245092254
tuna_longlines,ETBF_163sz8,albatrosses,17.75,2.910469607,0.0625,0.0625
tuna_longlines,ETBF_163sz8,petrels,17.75,2.910469607,0,0
tuna_longlines,ETBF_163sz8,shearwaters,17.75,2.910469607,15.0625,8.255537914
tuna_longlines,ETBF_163sz8,shortfin_makos,17.75,2.910469607,0.5,0.223606798
tuna_longlines,ETBF_17945v8,albatrosses,20.5,2.368528885,0.041666667,0.029147664
tuna_longlines,ETBF_17945v8,petrels,20.5,2.368528885,1.166666667,1.065385978
tuna_longlines,ETBF_17945v8,shearwaters,20.5,2.368528885,0.416666667,0.354596631
tuna_longlines,ETBF_17945v8,shortfin_makos,20.5,2.368528885,1.375,0.260633775
tuna_longlines,ETBF_1860fue,albatrosses,32.73333333,5.023247542,1.8,0.846280377
tuna_longlines,ETBF_1860fue,petrels,32.73333333,5.023247542,0.4,0.4
tuna_longlines,ETBF_1860fue,shearwaters,32.73333333,5.023247542,27.4,16.12475175
tuna_longlines,ETBF_1860fue,shortfin_makos,32.73333333,5.023247542,1.2,0.427617987
tuna_longlines,ETBF_1896sqt,albatrosses,30.47368421,7.407664918,1.210526316,0.554508092
tuna_longlines,ETBF_1896sqt,petrels,30.47368421,7.407664918,192.4210526,162.1991289
tuna_longlines,ETBF_1896sqt,shearwaters,30.47368421,7.407664918,15.15789474,8.308828236
tuna_longlines,ETBF_1896sqt,shortfin_makos,30.47368421,7.407664918,1.263157895,0.349118399
tuna_longlines,ETBF_1913wt4,albatrosses,2,0,0,0
tuna_longlines,ETBF_1913wt4,petrels,2,0,0,0
tuna_longlines,ETBF_1913wt4,shearwaters,2,0,0,0
tuna_longlines,ETBF_1913wt4,shortfin_makos,2,0,0,0
tuna_longlines,ETBF_1934e06,albatrosses,16.83333333,3.380499634,0,0
tuna_longlines,ETBF_1934e06,petrels,16.83333333,3.380499634,0,0
tuna_longlines,ETBF_1934e06,shearwaters,16.83333333,3.380499634,2.5,2.5
tuna_longlines,ETBF_1934e06,shortfin_makos,16.83333333,3.380499634,0,0
tuna_longlines,ETBF_228542,albatrosses,50.12087912,3.181556863,0.692307692,0.357269631
tuna_longlines,ETBF_228542,petrels,50.12087912,3.181556863,0.10989011,0.070668445
tuna_longlines,ETBF_228542,shearwaters,50.12087912,3.181556863,0.615384615,0.42503156
tuna_longlines,ETBF_228542,shortfin_makos,50.12087912,3.181556863,1.098901099,0.195838852
tuna_longlines,ETBF_229lnp,albatrosses,5.75,1.652018967,0,0
tuna_longlines,ETBF_229lnp,petrels,5.75,1.652018967,2.25,2.25
tuna_longlines,ETBF_229lnp,shearwaters,5.75,1.652018967,1.75,1.75
tuna_longlines,ETBF_229lnp,shortfin_makos,5.75,1.652018967,3,1.914854216
tuna_longlines,ETBF_23419tu,albatrosses,152,NA,0,NA
tuna_longlines,ETBF_23419tu,petrels,152,NA,0,NA
tuna_longlines,ETBF_23419tu,shearwaters,152,NA,0,NA
tuna_longlines,ETBF_23419tu,shortfin_makos,152,NA,0,NA
tuna_longlines,ETBF_241te0,albatrosses,23.6,14.33387596,0.8,0.8
tuna_longlines,ETBF_241te0,petrels,23.6,14.33387596,0,0
tuna_longlines,ETBF_241te0,shearwaters,23.6,14.33387596,4.6,4.354308211
tuna_longlines,ETBF_241te0,shortfin_makos,23.6,14.33387596,0.4,0.4
tuna_longlines,ETBF_281i0o,albatrosses,15.875,3.419677825,0,0
tuna_longlines,ETBF_281i0o,petrels,15.875,3.419677825,0,0
tuna_longlines,ETBF_281i0o,shearwaters,15.875,3.419677825,0.125,0.125
tuna_longlines,ETBF_281i0o,shortfin_makos,15.875,3.419677825,0.25,0.25
tuna_longlines,ETBF_288fd8,albatrosses,31.65,4.764051239,0.5,0.198679854
tuna_longlines,ETBF_288fd8,petrels,31.65,4.764051239,0,0
tuna_longlines,ETBF_288fd8,shearwaters,31.65,4.764051239,0.15,0.109424331
tuna_longlines,ETBF_288fd8,shortfin_makos,31.65,4.764051239,1.6,0.4
tuna_longlines,ETBF_2919x7t,albatrosses,12.8,2.870540019,0,0
tuna_longlines,ETBF_2919x7t,petrels,12.8,2.870540019,0,0
tuna_longlines,ETBF_2919x7t,shearwaters,12.8,2.870540019,0,0
tuna_longlines,ETBF_2919x7t,shortfin_makos,12.8,2.870540019,1.6,1.166190379
tuna_longlines,ETBF_3081t2,albatrosses,9.25,3.473110997,0,0
tuna_longlines,ETBF_3081t2,petrels,9.25,3.473110997,0,0
tuna_longlines,ETBF_3081t2,shearwaters,9.25,3.473110997,0,0
tuna_longlines,ETBF_3081t2,shortfin_makos,9.25,3.473110997,0,0
tuna_longlines,ETBF_309a1n,albatrosses,22.22222222,1.672922731,0.037037037,0.037037037
tuna_longlines,ETBF_309a1n,petrels,22.22222222,1.672922731,0,0
tuna_longlines,ETBF_309a1n,shearwaters,22.22222222,1.672922731,0,0
tuna_longlines,ETBF_309a1n,shortfin_makos,22.22222222,1.672922731,0.592592593,0.179102378
tuna_longlines,ETBF_3107ct7,albatrosses,30,10.11599394,0,0
tuna_longlines,ETBF_3107ct7,petrels,30,10.11599394,0,0
tuna_longlines,ETBF_3107ct7,shearwaters,30,10.11599394,0,0
tuna_longlines,ETBF_3107ct7,shortfin_makos,30,10.11599394,0,0
tuna_longlines,ETBF_340vyx,albatrosses,33.47916667,2.951137175,0.145833333,0.094106395
tuna_longlines,ETBF_340vyx,petrels,33.47916667,2.951137175,0.166666667,0.127487078
tuna_longlines,ETBF_340vyx,shearwaters,33.47916667,2.951137175,2.625,2.376306098
tuna_longlines,ETBF_340vyx,shortfin_makos,33.47916667,2.951137175,0.958333333,0.252572462
tuna_longlines,ETBF_3908p93,albatrosses,6.333333333,2.905932629,0,0
tuna_longlines,ETBF_3908p93,petrels,6.333333333,2.905932629,0,0
tuna_longlines,ETBF_3908p93,shearwaters,6.333333333,2.905932629,0,0
tuna_longlines,ETBF_3908p93,shortfin_makos,6.333333333,2.905932629,0,0
tuna_longlines,ETBF_40040myr,albatrosses,1,NA,0,NA
tuna_longlines,ETBF_40040myr,petrels,1,NA,0,NA
tuna_longlines,ETBF_40040myr,shearwaters,1,NA,0,NA
tuna_longlines,ETBF_40040myr,shortfin_makos,1,NA,0,NA
tuna_longlines,ETBF_407qaz,albatrosses,18.61904762,3.250989732,0.714285714,0.665986047
tuna_longlines,ETBF_407qaz,petrels,18.61904762,3.250989732,0.19047619,0.19047619
tuna_longlines,ETBF_407qaz,shearwaters,18.61904762,3.250989732,3.904761905,3.040915246
tuna_longlines,ETBF_407qaz,shortfin_makos,18.61904762,3.250989732,0.952380952,0.327153601
tuna_longlines,ETBF_5932ba,albatrosses,30.90909091,5.839449765,0.272727273,0.140835758
tuna_longlines,ETBF_5932ba,petrels,30.90909091,5.839449765,0.636363636,0.432176885
tuna_longlines,ETBF_5932ba,shearwaters,30.90909091,5.839449765,152.1818182,98.05126842
tuna_longlines,ETBF_5932ba,shortfin_makos,30.90909091,5.839449765,0.363636364,0.243934688
tuna_longlines,ETBF_6353gra,albatrosses,17.4,5.524088663,0.1,0.1
tuna_longlines,ETBF_6353gra,petrels,17.4,5.524088663,0.5,0.5
tuna_longlines,ETBF_6353gra,shearwaters,17.4,5.524088663,7.5,5.335936865
tuna_longlines,ETBF_6353gra,shortfin_makos,17.4,5.524088663,0.4,0.266666667
tuna_longlines,ETBF_6449de9,albatrosses,41.77777778,9.9453755,0,0
tuna_longlines,ETBF_6449de9,petrels,41.77777778,9.9453755,0,0
tuna_longlines,ETBF_6449de9,shearwaters,41.77777778,9.9453755,0,0
tuna_longlines,ETBF_6449de9,shortfin_makos,41.77777778,9.9453755,4,2.185812841
tuna_longlines,ETBF_6869sqm,albatrosses,51.27777778,6.798997488,0.916666667,0.736114855
tuna_longlines,ETBF_6869sqm,petrels,51.27777778,6.798997488,0.083333333,0.083333333
tuna_longlines,ETBF_6869sqm,shearwaters,51.27777778,6.798997488,0,0
tuna_longlines,ETBF_6869sqm,shortfin_makos,51.27777778,6.798997488,2.333333333,0.481400075
tuna_longlines,ETBF_69769gv,albatrosses,25.3125,4.260006602,0.0625,0.0625
tuna_longlines,ETBF_69769gv,petrels,25.3125,4.260006602,0,0
tuna_longlines,ETBF_69769gv,shearwaters,25.3125,4.260006602,0.125,0.125
tuna_longlines,ETBF_69769gv,shortfin_makos,25.3125,4.260006602,0.5,0.223606798
tuna_longlines,ETBF_7926i56,albatrosses,17.43333333,2.463845855,0.133333333,0.133333333
tuna_longlines,ETBF_7926i56,petrels,17.43333333,2.463845855,0,0
tuna_longlines,ETBF_7926i56,shearwaters,17.43333333,2.463845855,5.6,3.384073584
tuna_longlines,ETBF_7926i56,shortfin_makos,17.43333333,2.463845855,1.333333333,0.276818266
tuna_longlines,ETBF_944zg0,albatrosses,39.87301587,4.138815802,0.238095238,0.112492329
tuna_longlines,ETBF_944zg0,petrels,39.87301587,4.138815802,0.126984127,0.126984127
tuna_longlines,ETBF_944zg0,shearwaters,39.87301587,4.138815802,0.222222222,0.191263945
tuna_longlines,ETBF_944zg0,shortfin_makos,39.87301587,4.138815802,0.904761905,0.190284081